model,min,mean,max
monthly_mean_m0_s1_d0.0,0.8147347957334818,0.852895253329434,0.8806472015599851
v1_robust,0.8147347957334818,0.852895253329434,0.8806472015599851
monthly_mean_m6_s1_d0.0,0.8147347957334818,0.8518689479372967,0.8795879994890925
monthly_equal_m0_s1_d0.0,0.812695783862005,0.8530828710042804,0.8817461878691889
monthly_equal_m6_s1_d0.0,0.812695783862005,0.8518342703462715,0.8794722145589944
monthly_exp_h1_s1_d0.0,0.8102228445770886,0.8478650947671144,0.8727589577323349
monthly_exp_h3_s1_d0.0,0.8099943417032887,0.8523171426769026,0.8797628849029607
monthly_exp_h2_s1_d0.0,0.8093690374318722,0.851422261699757,0.8776829100298162
monthly_exp_h1_s1_d0.5,0.8026865370211599,0.849563016399799,0.878384937811268
monthly_mean_m0_s1_d0.5,0.8022659275396863,0.8540866805427187,0.8859333437401333
monthly_mean_m6_s1_d0.5,0.8022659275396863,0.8527319059040256,0.8799728503260933
monthly_equal_m0_s1_d0.5,0.801011305373521,0.8537073846822372,0.8856577543217948
monthly_equal_m6_s1_d0.5,0.801011305373521,0.85215135641362,0.8787136066140206
monthly_exp_h2_s1_d0.5,0.7996809716763162,0.851873468482018,0.882427909061921
monthly_exp_h3_s1_d0.5,0.7996184868585307,0.8526083390954159,0.8837566185562549
baseline,0.7984239778236365,0.8511050856526231,0.8859333437401333
monthly_exp_h1_s0_d0.0,0.7961884334441236,0.8292061972679964,0.8605997036321161
daily_ses_a0.5_w28,0.7938761725659604,0.8208814038511091,0.8409034285543142
monthly_mean_m3_s1_d0.0,0.7926611444682738,0.8299340600542218,0.8661138527582601
daily_ses_a0.3_w28,0.791955363354385,0.8192627426546593,0.846843126975202
daily_trim10_w28,0.7919202670810361,0.8126934463975338,0.8446957432943679
daily_median_w28,0.7918845933440961,0.808947685395096,0.845425977746409
daily_ses_a0.1_w28,0.7915484586181296,0.8154144278310307,0.850517972069116
monthly_median_m1_s0_d0.5,0.7908155572931583,0.8137429383200384,0.8487761668351813
monthly_median_m1_s1_d0.5,0.7908155572931583,0.8137429383200384,0.8487761668351813
daily_mean_w28,0.790220472318709,0.8127744179816846,0.8466411026902565
monthly_equal_m3_s1_d0.0,0.7899065218004055,0.8298015797983656,0.866145178725895
monthly_median_m1_s0_d1.0,0.7897974053197461,0.8102722029914234,0.8464129899763264
monthly_median_m1_s1_d1.0,0.7897974053197461,0.8102722029914234,0.8464129899763264
monthly_median_m1_s0_d0.0,0.7896433418184559,0.8130513190755849,0.8469533586396463
monthly_median_m1_s1_d0.0,0.7896433418184559,0.8130513190755849,0.8469533586396463
monthly_exp_h1_s0_d0.5,0.7892893190329751,0.8279194719146008,0.8591869197989461
monthly_exp_h1_s1_d1.0,0.7881761028319487,0.8436391595360001,0.8776654259785247
monthly_median_m0_s1_d0.0,0.7876307973710402,0.8499800718941266,0.8919939588290577
monthly_median_m6_s1_d0.0,0.7876307973710402,0.8486740017112666,0.886565356912602
monthly_mean_m1_s0_d0.5,0.7867919517854156,0.8197263253052464,0.8513039262521983
monthly_mean_m1_s1_d0.5,0.7867919517854156,0.8197263253052464,0.8513039262521983
monthly_equal_m0_s1_d1.0,0.7862188229265097,0.8472276578962484,0.8834991404197474
monthly_equal_m6_s1_d1.0,0.7862188229265097,0.845582483786492,0.8756993718521358
monthly_mean_m1_s0_d0.0,0.7861582921327807,0.8163714981720988,0.8489608793539797
monthly_mean_m1_s1_d0.0,0.7861582921327807,0.8163714981720988,0.8489608793539797
monthly_exp_h2_s1_d1.0,0.7860396693759536,0.8455836816505053,0.8803221393328353
monthly_mean_m3_s1_d0.5,0.7859593969093094,0.8340216659600883,0.872467973639669
monthly_exp_h3_s1_d1.0,0.78583232924336,0.846209818215517,0.8814098354923262
monthly_median_m0_s1_d0.5,0.7857577123368655,0.8498301701425558,0.891110426210208
monthly_median_m6_s1_d0.5,0.7857577123368655,0.8487634207651392,0.8864704098896694
monthly_mean_m0_s1_d1.0,0.7856702335919657,0.8472821695138236,0.8836873879854461
monthly_mean_m6_s1_d1.0,0.7856702335919657,0.8459101883192425,0.8771268701564572
monthly_mean_m1_s0_d1.0,0.7855966071845651,0.8138706885246451,0.849194789496573
monthly_mean_m1_s1_d1.0,0.7855966071845651,0.8138706885246451,0.849194789496573
daily_ses_a0.5_w84,0.7851453611225667,0.8284112559858362,0.8553179031885682
monthly_exp_h2_s0_d0.0,0.7850902524381258,0.8342166804617283,0.8725856072928238
daily_holt_a0.3_d0.8,0.7838653801544387,0.8256421103821711,0.8480475427799911
monthly_equal_m3_s1_d0.5,0.7837155990291775,0.8339192776992826,0.872332431259372
monthly_median_m0_s1_d1.0,0.7823679337766745,0.8461374767405164,0.8875152191610148
monthly_median_m6_s1_d1.0,0.7823679337766745,0.8452302426553825,0.8831072781401297
daily_holt_a0.3_d0.5,0.7820480297533546,0.8249130956378296,0.8501010403244177
daily_holt_a0.3_d0.95,0.7814859400494205,0.8252638305356239,0.840612743118593
daily_ses_a0.3_w84,0.781417890890197,0.8244941650943205,0.8505511462442445
monthly_exp_h3_s0_d0.0,0.7813557437239099,0.835914566190366,0.875758962428569
daily_ses_a0.1_w84,0.7791697145118845,0.8178599643437264,0.8529206841706605
daily_holt_a0.1_d0.5,0.7787403480340498,0.8180102944833423,0.852917221817431
monthly_mean_m0_s0_d0.0,0.7787149348319868,0.8387334788992927,0.8795879994890925
monthly_mean_m6_s0_d0.0,0.7787149348319868,0.8373598779433337,0.8795879994890925
daily_holt_a0.1_d0.8,0.7767710272586141,0.8182999746224698,0.8526944234131089
monthly_equal_m0_s0_d0.0,0.7764290870866042,0.8384509121649216,0.8794722145589944
monthly_equal_m6_s0_d0.0,0.7764290870866042,0.8368745682284363,0.8794722145589944
monthly_mean_m3_s1_d1.0,0.7754197132576273,0.830620040305723,0.8732965888093662
monthly_median_m3_s1_d0.0,0.774863279113843,0.8312249304913774,0.8723933511443993
monthly_mean_m2_s1_d0.5,0.7746721328762809,0.8242668702527419,0.8582280690721755
monthly_mean_m2_s0_d0.5,0.7746721328762809,0.8209817396416214,0.8582280690721755
monthly_mean_m3_s0_d0.0,0.7746579660716855,0.8206495831690526,0.8661138527582601
monthly_equal_m2_s1_d0.5,0.77465770657387,0.82360128269685,0.8587014452264978
monthly_equal_m2_s0_d0.5,0.77465770657387,0.8202459219946298,0.8587014452264978
monthly_median_m3_s1_d0.5,0.7745124519471227,0.8323930111542394,0.8761736132936615
monthly_equal_m3_s1_d1.0,0.774496488672506,0.8308552810733455,0.8726697598491002
monthly_equal_m2_s1_d0.0,0.7743000283586607,0.822652616875646,0.8572929921406998
monthly_equal_m2_s0_d0.0,0.7743000283586607,0.819904856688039,0.8572929921406998
monthly_mean_m2_s1_d0.0,0.7741787376530649,0.8232790882878112,0.8569152735593208
monthly_mean_m2_s0_d0.0,0.7741787376530649,0.8205346978848445,0.8569152735593208
monthly_mean_m2_s1_d1.0,0.7740173041929342,0.8193539163244844,0.8562084703814603
monthly_mean_m2_s0_d1.0,0.7740173041929342,0.814289255983502,0.8562084703814603
monthly_equal_m2_s1_d1.0,0.773884488126173,0.8188761822483698,0.8567676001680933
monthly_equal_m2_s0_d1.0,0.773884488126173,0.813692146499175,0.8567676001680933
monthly_equal_m3_s0_d0.0,0.7734532523161521,0.8203509956554463,0.866145178725895
monthly_exp_h2_s0_d0.5,0.772983214598814,0.831862736587771,0.8700289929618685
monthly_median_m3_s1_d1.0,0.7726483975654456,0.8297711374270027,0.8730724594902401
monthly_exp_h1_s0_d1.0,0.7722415470448233,0.8217873990389327,0.8567903872835334
monthly_median_m2_s1_d0.5,0.7706736165901223,0.8223552052362665,0.8568444966177238
monthly_median_m2_s0_d0.5,0.7706736165901223,0.8182939533852075,0.8568444966177238
monthly_median_m2_s1_d0.0,0.7703534153996544,0.8215260860985402,0.8558450843320545
monthly_median_m2_s0_d0.0,0.7703534153996544,0.818546487877018,0.8558450843320545
monthly_median_m2_s1_d1.0,0.7693645864539687,0.8196100001275172,0.8544062752656169
monthly_median_m2_s0_d1.0,0.7693645864539687,0.8148351885055646,0.8544062752656169
monthly_exp_h3_s0_d0.5,0.7677124620084339,0.8332581957720716,0.8730128346470047
daily_trim10_w56,0.7676464451983581,0.8113068608311867,0.8543240645063783
daily_mean_w56,0.7672614824546762,0.8114143248806586,0.8553266975857494
monthly_mean_m3_s0_d0.5,0.7667177771665975,0.8214030680252264,0.8657103362193607
monthly_median_m3_s0_d0.0,0.7653410154345269,0.8191486256771124,0.8614468893314139
monthly_equal_m3_s0_d0.5,0.7653080419343559,0.8212008880689979,0.8658313132987905
daily_holt_a0.1_d0.95,0.7637553028858043,0.8175586514964005,0.8498751821660788
monthly_mean_m0_s0_d0.5,0.7609725463015495,0.83576914391586,0.8776974513815791
monthly_mean_m6_s0_d0.5,0.7609725463015495,0.834264833669918,0.8776974513815791
monthly_equal_m0_s0_d0.5,0.760013763838123,0.8353600194910119,0.8772846755097047
monthly_equal_m6_s0_d0.5,0.760013763838123,0.8337319168297318,0.8772846755097047
monthly_median_m3_s0_d0.5,0.7597300405687428,0.8192351372230928,0.8615744431333305
monthly_exp_h2_s0_d1.0,0.7555579007577008,0.8255772806964532,0.8649286581374653
monthly_median_m3_s0_d1.0,0.7523787451495179,0.816641953261198,0.8596072242873516
daily_mean_w84,0.7520830229273533,0.814664537886003,0.8593617221597818
daily_trim10_w84,0.7510006606982427,0.8145615382930346,0.8600490761954838
daily_median_w56,0.7506852689654718,0.8095583052615338,0.8542760746802215
daily_median_w84,0.750381061230845,0.8142903182203391,0.8573461352367795
monthly_exp_h3_s0_d1.0,0.75006039630368,0.8268213841147486,0.8674959163745506
monthly_mean_m3_s0_d1.0,0.7492194303294033,0.816473620713079,0.8631249919954365
monthly_equal_m3_s0_d1.0,0.7485949179049602,0.8167548211134127,0.8634677603871543
monthly_median_m0_s0_d0.0,0.7455623951685981,0.8301537786318326,0.8793398179039978
monthly_median_m6_s0_d0.0,0.7455623951685981,0.8275343915952554,0.8698116149765125
monthly_median_m0_s0_d0.5,0.7414147256628405,0.829257291677162,0.8811554151046993
monthly_median_m6_s0_d0.5,0.7414147256628405,0.8270837557835732,0.8695714780699189
monthly_equal_m0_s0_d1.0,0.7410114852653332,0.8281869616438983,0.8751495258803553
monthly_equal_m6_s0_d1.0,0.7410114852653332,0.8266858865341976,0.8710339334650293
monthly_mean_m0_s0_d1.0,0.739930918155143,0.8279354591545375,0.8740256855610197
monthly_mean_m6_s0_d1.0,0.739930918155143,0.8265389521814438,0.8707269043678783
monthly_median_m0_s0_d1.0,0.7362607502822351,0.8262738831157647,0.8803531872445457
monthly_median_m6_s0_d1.0,0.7362607502822351,0.8244497507313833,0.869602847814819
