model,origin,score
baseline,2025-04-01,0.8573958159796298
v1_robust,2025-04-01,0.8480106646921054
monthly_mean_m1_s0_d0.0,2025-04-01,0.8489608793539797
monthly_mean_m1_s0_d0.5,2025-04-01,0.8513039262521983
monthly_mean_m1_s0_d1.0,2025-04-01,0.849194789496573
monthly_mean_m1_s1_d0.0,2025-04-01,0.8489608793539797
monthly_mean_m1_s1_d0.5,2025-04-01,0.8513039262521983
monthly_mean_m1_s1_d1.0,2025-04-01,0.849194789496573
monthly_mean_m2_s0_d0.0,2025-04-01,0.8569152735593208
monthly_mean_m2_s0_d0.5,2025-04-01,0.8582280690721755
monthly_mean_m2_s0_d1.0,2025-04-01,0.8562084703814603
monthly_mean_m2_s1_d0.0,2025-04-01,0.8569152735593208
monthly_mean_m2_s1_d0.5,2025-04-01,0.8582280690721755
monthly_mean_m2_s1_d1.0,2025-04-01,0.8562084703814603
monthly_mean_m3_s0_d0.0,2025-04-01,0.8480106646921054
monthly_mean_m3_s0_d0.5,2025-04-01,0.8573958159796298
monthly_mean_m3_s0_d1.0,2025-04-01,0.8582680874339204
monthly_mean_m3_s1_d0.0,2025-04-01,0.8480106646921054
monthly_mean_m3_s1_d0.5,2025-04-01,0.8573958159796298
monthly_mean_m3_s1_d1.0,2025-04-01,0.8582680874339204
monthly_mean_m6_s0_d0.0,2025-04-01,0.8480106646921054
monthly_mean_m6_s0_d0.5,2025-04-01,0.8573958159796298
monthly_mean_m6_s0_d1.0,2025-04-01,0.8582680874339204
monthly_mean_m6_s1_d0.0,2025-04-01,0.8480106646921054
monthly_mean_m6_s1_d0.5,2025-04-01,0.8573958159796298
monthly_mean_m6_s1_d1.0,2025-04-01,0.8582680874339204
monthly_mean_m0_s0_d0.0,2025-04-01,0.8480106646921054
monthly_mean_m0_s0_d0.5,2025-04-01,0.8573958159796298
monthly_mean_m0_s0_d1.0,2025-04-01,0.8582680874339204
monthly_mean_m0_s1_d0.0,2025-04-01,0.8480106646921054
monthly_mean_m0_s1_d0.5,2025-04-01,0.8573958159796298
monthly_mean_m0_s1_d1.0,2025-04-01,0.8582680874339204
monthly_median_m1_s0_d0.0,2025-04-01,0.8469533586396463
monthly_median_m1_s0_d0.5,2025-04-01,0.8487761668351813
monthly_median_m1_s0_d1.0,2025-04-01,0.8464129899763264
monthly_median_m1_s1_d0.0,2025-04-01,0.8469533586396463
monthly_median_m1_s1_d0.5,2025-04-01,0.8487761668351813
monthly_median_m1_s1_d1.0,2025-04-01,0.8464129899763264
monthly_median_m2_s0_d0.0,2025-04-01,0.8558450843320545
monthly_median_m2_s0_d0.5,2025-04-01,0.8568444966177238
monthly_median_m2_s0_d1.0,2025-04-01,0.8544062752656169
monthly_median_m2_s1_d0.0,2025-04-01,0.8558450843320545
monthly_median_m2_s1_d0.5,2025-04-01,0.8568444966177238
monthly_median_m2_s1_d1.0,2025-04-01,0.8544062752656169
monthly_median_m3_s0_d0.0,2025-04-01,0.857527626961876
monthly_median_m3_s0_d0.5,2025-04-01,0.8586582060710513
monthly_median_m3_s0_d1.0,2025-04-01,0.8566585763012873
monthly_median_m3_s1_d0.0,2025-04-01,0.857527626961876
monthly_median_m3_s1_d0.5,2025-04-01,0.8586582060710513
monthly_median_m3_s1_d1.0,2025-04-01,0.8566585763012873
monthly_median_m6_s0_d0.0,2025-04-01,0.857527626961876
monthly_median_m6_s0_d0.5,2025-04-01,0.8586582060710513
monthly_median_m6_s0_d1.0,2025-04-01,0.8566585763012873
monthly_median_m6_s1_d0.0,2025-04-01,0.857527626961876
monthly_median_m6_s1_d0.5,2025-04-01,0.8586582060710513
monthly_median_m6_s1_d1.0,2025-04-01,0.8566585763012873
monthly_median_m0_s0_d0.0,2025-04-01,0.857527626961876
monthly_median_m0_s0_d0.5,2025-04-01,0.8586582060710513
monthly_median_m0_s0_d1.0,2025-04-01,0.8566585763012873
monthly_median_m0_s1_d0.0,2025-04-01,0.857527626961876
monthly_median_m0_s1_d0.5,2025-04-01,0.8586582060710513
monthly_median_m0_s1_d1.0,2025-04-01,0.8566585763012873
monthly_equal_m2_s0_d0.0,2025-04-01,0.8572929921406998
monthly_equal_m2_s0_d0.5,2025-04-01,0.8587014452264978
monthly_equal_m2_s0_d1.0,2025-04-01,0.8567676001680933
monthly_equal_m2_s1_d0.0,2025-04-01,0.8572929921406998
monthly_equal_m2_s1_d0.5,2025-04-01,0.8587014452264978
monthly_equal_m2_s1_d1.0,2025-04-01,0.8567676001680933
monthly_equal_m3_s0_d0.0,2025-04-01,0.8497783973153397
monthly_equal_m3_s0_d0.5,2025-04-01,0.8574280239166479
monthly_equal_m3_s0_d1.0,2025-04-01,0.8578728960467092
monthly_equal_m3_s1_d0.0,2025-04-01,0.8497783973153397
monthly_equal_m3_s1_d0.5,2025-04-01,0.8574280239166479
monthly_equal_m3_s1_d1.0,2025-04-01,0.8578728960467092
monthly_equal_m6_s0_d0.0,2025-04-01,0.8497783973153397
monthly_equal_m6_s0_d0.5,2025-04-01,0.8574280239166479
monthly_equal_m6_s0_d1.0,2025-04-01,0.8578728960467092
monthly_equal_m6_s1_d0.0,2025-04-01,0.8497783973153397
monthly_equal_m6_s1_d0.5,2025-04-01,0.8574280239166479
monthly_equal_m6_s1_d1.0,2025-04-01,0.8578728960467092
monthly_equal_m0_s0_d0.0,2025-04-01,0.8497783973153397
monthly_equal_m0_s0_d0.5,2025-04-01,0.8574280239166479
monthly_equal_m0_s0_d1.0,2025-04-01,0.8578728960467092
monthly_equal_m0_s1_d0.0,2025-04-01,0.8497783973153397
monthly_equal_m0_s1_d0.5,2025-04-01,0.8574280239166479
monthly_equal_m0_s1_d1.0,2025-04-01,0.8578728960467092
monthly_exp_h1_s0_d0.0,2025-04-01,0.8574083770750668
monthly_exp_h1_s0_d0.5,2025-04-01,0.8591214367252129
monthly_exp_h1_s0_d1.0,2025-04-01,0.8567903872835334
monthly_exp_h1_s1_d0.0,2025-04-01,0.8574083770750668
monthly_exp_h1_s1_d0.5,2025-04-01,0.8591214367252129
monthly_exp_h1_s1_d1.0,2025-04-01,0.8567903872835334
monthly_exp_h2_s0_d0.0,2025-04-01,0.8557324370723339
monthly_exp_h2_s0_d0.5,2025-04-01,0.8593213674942523
monthly_exp_h2_s0_d1.0,2025-04-01,0.857798415192355
monthly_exp_h2_s1_d0.0,2025-04-01,0.8557324370723339
monthly_exp_h2_s1_d0.5,2025-04-01,0.8593213674942523
monthly_exp_h2_s1_d1.0,2025-04-01,0.857798415192355
monthly_exp_h3_s0_d0.0,2025-04-01,0.85425546160053
monthly_exp_h3_s0_d0.5,2025-04-01,0.858960880159178
monthly_exp_h3_s0_d1.0,2025-04-01,0.8579316755317672
monthly_exp_h3_s1_d0.0,2025-04-01,0.85425546160053
monthly_exp_h3_s1_d0.5,2025-04-01,0.858960880159178
monthly_exp_h3_s1_d1.0,2025-04-01,0.8579316755317672
daily_mean_w28,2025-04-01,0.8466411026902565
daily_mean_w56,2025-04-01,0.8553266975857494
daily_mean_w84,2025-04-01,0.8575708661173227
daily_median_w28,2025-04-01,0.845425977746409
daily_median_w56,2025-04-01,0.8542760746802215
daily_median_w84,2025-04-01,0.8573461352367795
daily_trim10_w28,2025-04-01,0.8446957432943679
daily_trim10_w56,2025-04-01,0.8543240645063783
daily_trim10_w84,2025-04-01,0.8570777626015768
daily_ses_a0.1_w28,2025-04-01,0.850517972069116
daily_ses_a0.1_w84,2025-04-01,0.8529206841706605
daily_ses_a0.3_w28,2025-04-01,0.846843126975202
daily_ses_a0.3_w84,2025-04-01,0.8505511462442445
daily_ses_a0.5_w28,2025-04-01,0.8302587770855666
daily_ses_a0.5_w84,2025-04-01,0.8433419631816579
daily_holt_a0.1_d0.5,2025-04-01,0.852917221817431
daily_holt_a0.1_d0.8,2025-04-01,0.8526944234131089
daily_holt_a0.1_d0.95,2025-04-01,0.8498751821660788
daily_holt_a0.3_d0.5,2025-04-01,0.8501010403244177
daily_holt_a0.3_d0.8,2025-04-01,0.8480475427799911
daily_holt_a0.3_d0.95,2025-04-01,0.840612743118593
baseline,2025-05-01,0.8636498317570545
v1_robust,2025-05-01,0.8795879994890925
monthly_mean_m1_s0_d0.0,2025-05-01,0.8197478726898829
monthly_mean_m1_s0_d0.5,2025-05-01,0.8224161182314709
monthly_mean_m1_s0_d1.0,2025-05-01,0.8215897876653224
monthly_mean_m1_s1_d0.0,2025-05-01,0.8197478726898829
monthly_mean_m1_s1_d0.5,2025-05-01,0.8224161182314709
monthly_mean_m1_s1_d1.0,2025-05-01,0.8215897876653224
monthly_mean_m2_s0_d0.0,2025-05-01,0.8564528204966672
monthly_mean_m2_s0_d0.5,2025-05-01,0.8562237601753147
monthly_mean_m2_s0_d1.0,2025-05-01,0.8533614147845414
monthly_mean_m2_s1_d0.0,2025-05-01,0.8564528204966672
monthly_mean_m2_s1_d0.5,2025-05-01,0.8562237601753147
monthly_mean_m2_s1_d1.0,2025-05-01,0.8533614147845414
monthly_mean_m3_s0_d0.0,2025-05-01,0.8661138527582601
monthly_mean_m3_s0_d0.5,2025-05-01,0.8657103362193607
monthly_mean_m3_s0_d1.0,2025-05-01,0.8631249919954365
monthly_mean_m3_s1_d0.0,2025-05-01,0.8661138527582601
monthly_mean_m3_s1_d0.5,2025-05-01,0.8657103362193607
monthly_mean_m3_s1_d1.0,2025-05-01,0.8631249919954365
monthly_mean_m6_s0_d0.0,2025-05-01,0.8795879994890925
monthly_mean_m6_s0_d0.5,2025-05-01,0.8776974513815791
monthly_mean_m6_s0_d1.0,2025-05-01,0.8707269043678783
monthly_mean_m6_s1_d0.0,2025-05-01,0.8795879994890925
monthly_mean_m6_s1_d0.5,2025-05-01,0.8776974513815791
monthly_mean_m6_s1_d1.0,2025-05-01,0.8707269043678783
monthly_mean_m0_s0_d0.0,2025-05-01,0.8795879994890925
monthly_mean_m0_s0_d0.5,2025-05-01,0.8776974513815791
monthly_mean_m0_s0_d1.0,2025-05-01,0.8707269043678783
monthly_mean_m0_s1_d0.0,2025-05-01,0.8795879994890925
monthly_mean_m0_s1_d0.5,2025-05-01,0.8776974513815791
monthly_mean_m0_s1_d1.0,2025-05-01,0.8707269043678783
monthly_median_m1_s0_d0.0,2025-05-01,0.8139128487350367
monthly_median_m1_s0_d0.5,2025-05-01,0.8160440529640769
monthly_median_m1_s0_d1.0,2025-05-01,0.8149589802895627
monthly_median_m1_s1_d0.0,2025-05-01,0.8139128487350367
monthly_median_m1_s1_d0.5,2025-05-01,0.8160440529640769
monthly_median_m1_s1_d1.0,2025-05-01,0.8149589802895627
monthly_median_m2_s0_d0.0,2025-05-01,0.8540217696437182
monthly_median_m2_s0_d0.5,2025-05-01,0.8543734512251222
monthly_median_m2_s0_d1.0,2025-05-01,0.8523887521430596
monthly_median_m2_s1_d0.0,2025-05-01,0.8540217696437182
monthly_median_m2_s1_d0.5,2025-05-01,0.8543734512251222
monthly_median_m2_s1_d1.0,2025-05-01,0.8523887521430596
monthly_median_m3_s0_d0.0,2025-05-01,0.8614468893314139
monthly_median_m3_s0_d0.5,2025-05-01,0.8615744431333305
monthly_median_m3_s0_d1.0,2025-05-01,0.8596072242873516
monthly_median_m3_s1_d0.0,2025-05-01,0.8614468893314139
monthly_median_m3_s1_d0.5,2025-05-01,0.8615744431333305
monthly_median_m3_s1_d1.0,2025-05-01,0.8596072242873516
monthly_median_m6_s0_d0.0,2025-05-01,0.8698116149765125
monthly_median_m6_s0_d0.5,2025-05-01,0.8695714780699189
monthly_median_m6_s0_d1.0,2025-05-01,0.8671406002886143
monthly_median_m6_s1_d0.0,2025-05-01,0.8698116149765125
monthly_median_m6_s1_d0.5,2025-05-01,0.8695714780699189
monthly_median_m6_s1_d1.0,2025-05-01,0.8671406002886143
monthly_median_m0_s0_d0.0,2025-05-01,0.8698116149765125
monthly_median_m0_s0_d0.5,2025-05-01,0.8695714780699189
monthly_median_m0_s0_d1.0,2025-05-01,0.8671406002886143
monthly_median_m0_s1_d0.0,2025-05-01,0.8698116149765125
monthly_median_m0_s1_d0.5,2025-05-01,0.8695714780699189
monthly_median_m0_s1_d1.0,2025-05-01,0.8671406002886143
monthly_equal_m2_s0_d0.0,2025-05-01,0.8540520571814867
monthly_equal_m2_s0_d0.5,2025-05-01,0.8540805274669891
monthly_equal_m2_s0_d1.0,2025-05-01,0.8517797995622672
monthly_equal_m2_s1_d0.0,2025-05-01,0.8540520571814867
monthly_equal_m2_s1_d0.5,2025-05-01,0.8540805274669891
monthly_equal_m2_s1_d1.0,2025-05-01,0.8517797995622672
monthly_equal_m3_s0_d0.0,2025-05-01,0.866145178725895
monthly_equal_m3_s0_d0.5,2025-05-01,0.8658313132987905
monthly_equal_m3_s0_d1.0,2025-05-01,0.8634677603871543
monthly_equal_m3_s1_d0.0,2025-05-01,0.866145178725895
monthly_equal_m3_s1_d0.5,2025-05-01,0.8658313132987905
monthly_equal_m3_s1_d1.0,2025-05-01,0.8634677603871543
monthly_equal_m6_s0_d0.0,2025-05-01,0.8794722145589944
monthly_equal_m6_s0_d0.5,2025-05-01,0.8772846755097047
monthly_equal_m6_s0_d1.0,2025-05-01,0.8710339334650293
monthly_equal_m6_s1_d0.0,2025-05-01,0.8794722145589944
monthly_equal_m6_s1_d0.5,2025-05-01,0.8772846755097047
monthly_equal_m6_s1_d1.0,2025-05-01,0.8710339334650293
monthly_equal_m0_s0_d0.0,2025-05-01,0.8794722145589944
monthly_equal_m0_s0_d0.5,2025-05-01,0.8772846755097047
monthly_equal_m0_s0_d1.0,2025-05-01,0.8710339334650293
monthly_equal_m0_s1_d0.0,2025-05-01,0.8794722145589944
monthly_equal_m0_s1_d0.5,2025-05-01,0.8772846755097047
monthly_equal_m0_s1_d1.0,2025-05-01,0.8710339334650293
monthly_exp_h1_s0_d0.0,2025-05-01,0.8605997036321161
monthly_exp_h1_s0_d0.5,2025-05-01,0.8591869197989461
monthly_exp_h1_s0_d1.0,2025-05-01,0.8554803309268298
monthly_exp_h1_s1_d0.0,2025-05-01,0.8605997036321161
monthly_exp_h1_s1_d0.5,2025-05-01,0.8591869197989461
monthly_exp_h1_s1_d1.0,2025-05-01,0.8554803309268298
monthly_exp_h2_s0_d0.0,2025-05-01,0.8725856072928238
monthly_exp_h2_s0_d0.5,2025-05-01,0.8700289929618685
monthly_exp_h2_s0_d1.0,2025-05-01,0.8649286581374653
monthly_exp_h2_s1_d0.0,2025-05-01,0.8725856072928238
monthly_exp_h2_s1_d0.5,2025-05-01,0.8700289929618685
monthly_exp_h2_s1_d1.0,2025-05-01,0.8649286581374653
monthly_exp_h3_s0_d0.0,2025-05-01,0.875758962428569
monthly_exp_h3_s0_d0.5,2025-05-01,0.8730128346470047
monthly_exp_h3_s0_d1.0,2025-05-01,0.8674959163745506
monthly_exp_h3_s1_d0.0,2025-05-01,0.875758962428569
monthly_exp_h3_s1_d0.5,2025-05-01,0.8730128346470047
monthly_exp_h3_s1_d1.0,2025-05-01,0.8674959163745506
daily_mean_w28,2025-05-01,0.8233282923332377
daily_mean_w56,2025-05-01,0.8486112038967427
daily_mean_w84,2025-05-01,0.8593617221597818
daily_median_w28,2025-05-01,0.8125628899087809
daily_median_w56,2025-05-01,0.8490651708199823
daily_median_w84,2025-05-01,0.8567112164617441
daily_trim10_w28,2025-05-01,0.8257311325081508
daily_trim10_w56,2025-05-01,0.849588972151734
daily_trim10_w84,2025-05-01,0.8600490761954838
daily_ses_a0.1_w28,2025-05-01,0.8243250119332899
daily_ses_a0.1_w84,2025-05-01,0.8370277783450681
daily_ses_a0.3_w28,2025-05-01,0.8162064807023386
daily_ses_a0.3_w84,2025-05-01,0.8382608272755373
daily_ses_a0.5_w28,2025-05-01,0.8270543517653481
daily_ses_a0.5_w84,2025-05-01,0.8553179031885682
daily_holt_a0.1_d0.5,2025-05-01,0.8365230148941996
daily_holt_a0.1_d0.8,2025-05-01,0.8348604886781723
daily_holt_a0.1_d0.95,2025-05-01,0.8284414344593259
daily_holt_a0.3_d0.5,2025-05-01,0.8390445822171655
daily_holt_a0.3_d0.8,2025-05-01,0.838402053737361
daily_holt_a0.3_d0.95,2025-05-01,0.8399034502524596
baseline,2025-06-01,0.7984239778236365
v1_robust,2025-06-01,0.8147347957334818
monthly_mean_m1_s0_d0.0,2025-06-01,0.8156702436260241
monthly_mean_m1_s0_d0.5,2025-06-01,0.8237317885262002
monthly_mean_m1_s0_d1.0,2025-06-01,0.8043227270600218
monthly_mean_m1_s1_d0.0,2025-06-01,0.8156702436260241
monthly_mean_m1_s1_d0.5,2025-06-01,0.8237317885262002
monthly_mean_m1_s1_d1.0,2025-06-01,0.8043227270600218
monthly_mean_m2_s0_d0.0,2025-06-01,0.795272827414288
monthly_mean_m2_s0_d0.5,2025-06-01,0.7913887346532499
monthly_mean_m2_s0_d1.0,2025-06-01,0.7788194346574369
monthly_mean_m2_s1_d0.0,2025-06-01,0.795272827414288
monthly_mean_m2_s1_d0.5,2025-06-01,0.7913887346532499
monthly_mean_m2_s1_d1.0,2025-06-01,0.7788194346574369
monthly_mean_m3_s0_d0.0,2025-06-01,0.7926611444682738
monthly_mean_m3_s0_d0.5,2025-06-01,0.7859593969093094
monthly_mean_m3_s0_d1.0,2025-06-01,0.7754197132576273
monthly_mean_m3_s1_d0.0,2025-06-01,0.7926611444682738
monthly_mean_m3_s1_d0.5,2025-06-01,0.7859593969093094
monthly_mean_m3_s1_d1.0,2025-06-01,0.7754197132576273
monthly_mean_m6_s0_d0.0,2025-06-01,0.8147347957334818
monthly_mean_m6_s0_d0.5,2025-06-01,0.8022659275396863
monthly_mean_m6_s0_d1.0,2025-06-01,0.7856702335919657
monthly_mean_m6_s1_d0.0,2025-06-01,0.8147347957334818
monthly_mean_m6_s1_d0.5,2025-06-01,0.8022659275396863
monthly_mean_m6_s1_d1.0,2025-06-01,0.7856702335919657
monthly_mean_m0_s0_d0.0,2025-06-01,0.8147347957334818
monthly_mean_m0_s0_d0.5,2025-06-01,0.8022659275396863
monthly_mean_m0_s0_d1.0,2025-06-01,0.7856702335919657
monthly_mean_m0_s1_d0.0,2025-06-01,0.8147347957334818
monthly_mean_m0_s1_d0.5,2025-06-01,0.8022659275396863
monthly_mean_m0_s1_d1.0,2025-06-01,0.7856702335919657
monthly_median_m1_s0_d0.0,2025-06-01,0.8128240373712117
monthly_median_m1_s0_d0.5,2025-06-01,0.8107343078958096
monthly_median_m1_s0_d1.0,2025-06-01,0.8033088310750773
monthly_median_m1_s1_d0.0,2025-06-01,0.8128240373712117
monthly_median_m1_s1_d0.5,2025-06-01,0.8107343078958096
monthly_median_m1_s1_d1.0,2025-06-01,0.8033088310750773
monthly_median_m2_s0_d0.0,2025-06-01,0.7916928578393772
monthly_median_m2_s0_d0.5,2025-06-01,0.7901244433036024
monthly_median_m2_s0_d1.0,2025-06-01,0.7862111605546938
monthly_median_m2_s1_d0.0,2025-06-01,0.7916928578393772
monthly_median_m2_s1_d0.5,2025-06-01,0.7901244433036024
monthly_median_m2_s1_d1.0,2025-06-01,0.7862111605546938
monthly_median_m3_s0_d0.0,2025-06-01,0.774863279113843
monthly_median_m3_s0_d0.5,2025-06-01,0.7745124519471227
monthly_median_m3_s0_d1.0,2025-06-01,0.7726483975654456
monthly_median_m3_s1_d0.0,2025-06-01,0.774863279113843
monthly_median_m3_s1_d0.5,2025-06-01,0.7745124519471227
monthly_median_m3_s1_d1.0,2025-06-01,0.7726483975654456
monthly_median_m6_s0_d0.0,2025-06-01,0.7876307973710402
monthly_median_m6_s0_d0.5,2025-06-01,0.7857577123368655
monthly_median_m6_s0_d1.0,2025-06-01,0.7823679337766745
monthly_median_m6_s1_d0.0,2025-06-01,0.7876307973710402
monthly_median_m6_s1_d0.5,2025-06-01,0.7857577123368655
monthly_median_m6_s1_d1.0,2025-06-01,0.7823679337766745
monthly_median_m0_s0_d0.0,2025-06-01,0.7876307973710402
monthly_median_m0_s0_d0.5,2025-06-01,0.7857577123368655
monthly_median_m0_s0_d1.0,2025-06-01,0.7823679337766745
monthly_median_m0_s1_d0.0,2025-06-01,0.7876307973710402
monthly_median_m0_s1_d0.5,2025-06-01,0.7857577123368655
monthly_median_m0_s1_d1.0,2025-06-01,0.7823679337766745
monthly_equal_m2_s0_d0.0,2025-06-01,0.7927683264549863
monthly_equal_m2_s0_d0.5,2025-06-01,0.7876624502641375
monthly_equal_m2_s0_d1.0,2025-06-01,0.775309885928264
monthly_equal_m2_s1_d0.0,2025-06-01,0.7927683264549863
monthly_equal_m2_s1_d0.5,2025-06-01,0.7876624502641375
monthly_equal_m2_s1_d1.0,2025-06-01,0.775309885928264
monthly_equal_m3_s0_d0.0,2025-06-01,0.7899065218004055
monthly_equal_m3_s0_d0.5,2025-06-01,0.7837155990291775
monthly_equal_m3_s0_d1.0,2025-06-01,0.774496488672506
monthly_equal_m3_s1_d0.0,2025-06-01,0.7899065218004055
monthly_equal_m3_s1_d0.5,2025-06-01,0.7837155990291775
monthly_equal_m3_s1_d1.0,2025-06-01,0.774496488672506
monthly_equal_m6_s0_d0.0,2025-06-01,0.812695783862005
monthly_equal_m6_s0_d0.5,2025-06-01,0.801011305373521
monthly_equal_m6_s0_d1.0,2025-06-01,0.7862188229265097
monthly_equal_m6_s1_d0.0,2025-06-01,0.812695783862005
monthly_equal_m6_s1_d0.5,2025-06-01,0.801011305373521
monthly_equal_m6_s1_d1.0,2025-06-01,0.7862188229265097
monthly_equal_m0_s0_d0.0,2025-06-01,0.812695783862005
monthly_equal_m0_s0_d0.5,2025-06-01,0.801011305373521
monthly_equal_m0_s0_d1.0,2025-06-01,0.7862188229265097
monthly_equal_m0_s1_d0.0,2025-06-01,0.812695783862005
monthly_equal_m0_s1_d0.5,2025-06-01,0.801011305373521
monthly_equal_m0_s1_d1.0,2025-06-01,0.7862188229265097
monthly_exp_h1_s0_d0.0,2025-06-01,0.8102228445770886
monthly_exp_h1_s0_d0.5,2025-06-01,0.8026865370211599
monthly_exp_h1_s0_d1.0,2025-06-01,0.7881761028319487
monthly_exp_h1_s1_d0.0,2025-06-01,0.8102228445770886
monthly_exp_h1_s1_d0.5,2025-06-01,0.8026865370211599
monthly_exp_h1_s1_d1.0,2025-06-01,0.7881761028319487
monthly_exp_h2_s0_d0.0,2025-06-01,0.8093690374318722
monthly_exp_h2_s0_d0.5,2025-06-01,0.7996809716763162
monthly_exp_h2_s0_d1.0,2025-06-01,0.7860396693759536
monthly_exp_h2_s1_d0.0,2025-06-01,0.8093690374318722
monthly_exp_h2_s1_d0.5,2025-06-01,0.7996809716763162
monthly_exp_h2_s1_d1.0,2025-06-01,0.7860396693759536
monthly_exp_h3_s0_d0.0,2025-06-01,0.8099943417032887
monthly_exp_h3_s0_d0.5,2025-06-01,0.7996184868585307
monthly_exp_h3_s0_d1.0,2025-06-01,0.78583232924336
monthly_exp_h3_s1_d0.0,2025-06-01,0.8099943417032887
monthly_exp_h3_s1_d0.5,2025-06-01,0.7996184868585307
monthly_exp_h3_s1_d1.0,2025-06-01,0.78583232924336
daily_mean_w28,2025-06-01,0.8016064162512339
daily_mean_w56,2025-06-01,0.7791897826285457
daily_mean_w84,2025-06-01,0.7762615707515592
daily_median_w28,2025-06-01,0.8008584228120486
daily_median_w56,2025-06-01,0.7862285833287039
daily_median_w84,2025-06-01,0.7736701383596303
daily_trim10_w28,2025-06-01,0.8013318479278255
daily_trim10_w56,2025-06-01,0.7798002182498905
daily_trim10_w84,2025-06-01,0.7762592902837568
daily_ses_a0.1_w28,2025-06-01,0.7915484586181296
daily_ses_a0.1_w84,2025-06-01,0.7791697145118845
daily_ses_a0.3_w28,2025-06-01,0.7943411194889417
daily_ses_a0.3_w84,2025-06-01,0.781417890890197
daily_ses_a0.5_w28,2025-06-01,0.8002662309331228
daily_ses_a0.5_w84,2025-06-01,0.7851453611225667
daily_holt_a0.1_d0.5,2025-06-01,0.7787403480340498
daily_holt_a0.1_d0.8,2025-06-01,0.7767710272586141
daily_holt_a0.1_d0.95,2025-06-01,0.7637553028858043
daily_holt_a0.3_d0.5,2025-06-01,0.7820480297533546
daily_holt_a0.3_d0.8,2025-06-01,0.7838653801544387
daily_holt_a0.3_d0.95,2025-06-01,0.7814859400494205
baseline,2025-07-01,0.8211907552887274
v1_robust,2025-07-01,0.8165726701458591
monthly_mean_m1_s0_d0.0,2025-07-01,0.8165726701458591
monthly_mean_m1_s0_d0.5,2025-07-01,0.8211907552887274
monthly_mean_m1_s0_d1.0,2025-07-01,0.8103532444459729
monthly_mean_m1_s1_d0.0,2025-07-01,0.8165726701458591
monthly_mean_m1_s1_d0.5,2025-07-01,0.8211907552887274
monthly_mean_m1_s1_d1.0,2025-07-01,0.8103532444459729
monthly_mean_m2_s0_d0.0,2025-07-01,0.8001063277280588
monthly_mean_m2_s0_d0.5,2025-07-01,0.8014799716220042
monthly_mean_m2_s0_d1.0,2025-07-01,0.7799652824000778
monthly_mean_m2_s1_d0.0,2025-07-01,0.8165726701458591
monthly_mean_m2_s1_d0.5,2025-07-01,0.8211907552887274
monthly_mean_m2_s1_d1.0,2025-07-01,0.8103532444459729
monthly_mean_m3_s0_d0.0,2025-07-01,0.7746579660716855
monthly_mean_m3_s0_d0.5,2025-07-01,0.7667177771665975
monthly_mean_m3_s0_d1.0,2025-07-01,0.7492194303294033
monthly_mean_m3_s1_d0.0,2025-07-01,0.8165726701458591
monthly_mean_m3_s1_d0.5,2025-07-01,0.8211907552887274
monthly_mean_m3_s1_d1.0,2025-07-01,0.8103532444459729
monthly_mean_m6_s0_d0.0,2025-07-01,0.7787149348319868
monthly_mean_m6_s0_d0.5,2025-07-01,0.7609725463015495
monthly_mean_m6_s0_d1.0,2025-07-01,0.739930918155143
monthly_mean_m6_s1_d0.0,2025-07-01,0.8165726701458591
monthly_mean_m6_s1_d0.5,2025-07-01,0.8211907552887274
monthly_mean_m6_s1_d1.0,2025-07-01,0.8103532444459729
monthly_mean_m0_s0_d0.0,2025-07-01,0.7787149348319868
monthly_mean_m0_s0_d0.5,2025-07-01,0.7609725463015495
monthly_mean_m0_s0_d1.0,2025-07-01,0.739930918155143
monthly_mean_m0_s1_d0.0,2025-07-01,0.8165726701458591
monthly_mean_m0_s1_d0.5,2025-07-01,0.8211907552887274
monthly_mean_m0_s1_d1.0,2025-07-01,0.8103532444459729
monthly_median_m1_s0_d0.0,2025-07-01,0.8138013844523995
monthly_median_m1_s0_d0.5,2025-07-01,0.8142225760391116
monthly_median_m1_s0_d1.0,2025-07-01,0.8072361621604616
monthly_median_m1_s1_d0.0,2025-07-01,0.8138013844523995
monthly_median_m1_s1_d0.5,2025-07-01,0.8142225760391116
monthly_median_m1_s1_d1.0,2025-07-01,0.8072361621604616
monthly_median_m2_s0_d0.0,2025-07-01,0.7959237951232665
monthly_median_m2_s0_d0.5,2025-07-01,0.7898550649327581
monthly_median_m2_s0_d1.0,2025-07-01,0.7785872924287458
monthly_median_m2_s1_d0.0,2025-07-01,0.8138013844523995
monthly_median_m2_s1_d0.5,2025-07-01,0.8142225760391116
monthly_median_m2_s1_d1.0,2025-07-01,0.8072361621604616
monthly_median_m3_s0_d0.0,2025-07-01,0.7653410154345269
monthly_median_m3_s0_d0.5,2025-07-01,0.7597300405687428
monthly_median_m3_s0_d1.0,2025-07-01,0.7523787451495179
monthly_median_m3_s1_d0.0,2025-07-01,0.8138013844523995
monthly_median_m3_s1_d0.5,2025-07-01,0.8142225760391116
monthly_median_m3_s1_d1.0,2025-07-01,0.8072361621604616
monthly_median_m6_s0_d0.0,2025-07-01,0.7455623951685981
monthly_median_m6_s0_d0.5,2025-07-01,0.7414147256628405
monthly_median_m6_s0_d1.0,2025-07-01,0.7362607502822351
monthly_median_m6_s1_d0.0,2025-07-01,0.8138013844523995
monthly_median_m6_s1_d0.5,2025-07-01,0.8142225760391116
monthly_median_m6_s1_d1.0,2025-07-01,0.8072361621604616
monthly_median_m0_s0_d0.0,2025-07-01,0.7455623951685981
monthly_median_m0_s0_d0.5,2025-07-01,0.7414147256628405
monthly_median_m0_s0_d1.0,2025-07-01,0.7362607502822351
monthly_median_m0_s1_d0.0,2025-07-01,0.8138013844523995
monthly_median_m0_s1_d0.5,2025-07-01,0.8142225760391116
monthly_median_m0_s1_d1.0,2025-07-01,0.8072361621604616
monthly_equal_m2_s0_d0.0,2025-07-01,0.8000861090202175
monthly_equal_m2_s0_d0.5,2025-07-01,0.8010585910754057
monthly_equal_m2_s0_d1.0,2025-07-01,0.7792490299508034
monthly_equal_m2_s1_d0.0,2025-07-01,0.8165726701458591
monthly_equal_m2_s1_d0.5,2025-07-01,0.8211907552887274
monthly_equal_m2_s1_d1.0,2025-07-01,0.8103532444459729
monthly_equal_m3_s0_d0.0,2025-07-01,0.7734532523161521
monthly_equal_m3_s0_d0.5,2025-07-01,0.7653080419343559
monthly_equal_m3_s0_d1.0,2025-07-01,0.7485949179049602
monthly_equal_m3_s1_d0.0,2025-07-01,0.8165726701458591
monthly_equal_m3_s1_d0.5,2025-07-01,0.8211907552887274
monthly_equal_m3_s1_d1.0,2025-07-01,0.8103532444459729
monthly_equal_m6_s0_d0.0,2025-07-01,0.7764290870866042
monthly_equal_m6_s0_d0.5,2025-07-01,0.760013763838123
monthly_equal_m6_s0_d1.0,2025-07-01,0.7410114852653332
monthly_equal_m6_s1_d0.0,2025-07-01,0.8165726701458591
monthly_equal_m6_s1_d0.5,2025-07-01,0.8211907552887274
monthly_equal_m6_s1_d1.0,2025-07-01,0.8103532444459729
monthly_equal_m0_s0_d0.0,2025-07-01,0.7764290870866042
monthly_equal_m0_s0_d0.5,2025-07-01,0.760013763838123
monthly_equal_m0_s0_d1.0,2025-07-01,0.7410114852653332
monthly_equal_m0_s1_d0.0,2025-07-01,0.8165726701458591
monthly_equal_m0_s1_d0.5,2025-07-01,0.8211907552887274
monthly_equal_m0_s1_d1.0,2025-07-01,0.8103532444459729
monthly_exp_h1_s0_d0.0,2025-07-01,0.7961884334441236
monthly_exp_h1_s0_d0.5,2025-07-01,0.7892893190329751
monthly_exp_h1_s0_d1.0,2025-07-01,0.7722415470448233
monthly_exp_h1_s1_d0.0,2025-07-01,0.8165726701458591
monthly_exp_h1_s1_d0.5,2025-07-01,0.8211907552887274
monthly_exp_h1_s1_d1.0,2025-07-01,0.8103532444459729
monthly_exp_h2_s0_d0.0,2025-07-01,0.7850902524381258
monthly_exp_h2_s0_d0.5,2025-07-01,0.772983214598814
monthly_exp_h2_s0_d1.0,2025-07-01,0.7555579007577008
monthly_exp_h2_s1_d0.0,2025-07-01,0.816575221104325
monthly_exp_h2_s1_d0.5,2025-07-01,0.8211913221683865
monthly_exp_h2_s1_d1.0,2025-07-01,0.810353811325632
monthly_exp_h3_s0_d0.0,2025-07-01,0.7813557437239099
monthly_exp_h3_s0_d0.5,2025-07-01,0.7677124620084339
monthly_exp_h3_s0_d1.0,2025-07-01,0.75006039630368
monthly_exp_h3_s1_d0.0,2025-07-01,0.8165749376644955
monthly_exp_h3_s1_d0.5,2025-07-01,0.8211912276884433
monthly_exp_h3_s1_d1.0,2025-07-01,0.8103537168456888
daily_mean_w28,2025-07-01,0.811848200586966
daily_mean_w56,2025-07-01,0.7790859575688686
daily_mean_w84,2025-07-01,0.7520830229273533
daily_median_w28,2025-07-01,0.8101429320924464
daily_median_w56,2025-07-01,0.7738362740058182
daily_median_w84,2025-07-01,0.750381061230845
daily_trim10_w28,2025-07-01,0.8114510069058225
daily_trim10_w56,2025-07-01,0.7776275651658874
daily_trim10_w84,2025-07-01,0.7510006606982427
daily_ses_a0.1_w28,2025-07-01,0.8224859808298306
daily_ses_a0.1_w84,2025-07-01,0.8084020446593464
daily_ses_a0.3_w28,2025-07-01,0.8356185984523996
daily_ses_a0.3_w84,2025-07-01,0.8244773345923101
daily_ses_a0.5_w28,2025-07-01,0.8409034285543142
daily_ses_a0.5_w84,2025-07-01,0.8304538523582714
daily_holt_a0.1_d0.5,2025-07-01,0.8095279621422646
daily_holt_a0.1_d0.8,2025-07-01,0.8133538329615391
daily_holt_a0.1_d0.95,2025-07-01,0.830980767001406
daily_holt_a0.3_d0.5,2025-07-01,0.8250967450998213
daily_holt_a0.3_d0.8,2025-07-01,0.8271074672506535
daily_holt_a0.3_d0.95,2025-07-01,0.8344967436070383
baseline,2025-08-01,0.8800367893265568
v1_robust,2025-08-01,0.8778181883560804
monthly_mean_m1_s0_d0.0,2025-08-01,0.8111190310840659
monthly_mean_m1_s0_d0.5,2025-08-01,0.812923411747466
monthly_mean_m1_s0_d1.0,2025-08-01,0.8121669752954156
monthly_mean_m1_s1_d0.0,2025-08-01,0.8111190310840659
monthly_mean_m1_s1_d0.5,2025-08-01,0.812923411747466
monthly_mean_m1_s1_d1.0,2025-08-01,0.8121669752954156
monthly_mean_m2_s0_d0.0,2025-08-01,0.8402822004576672
monthly_mean_m2_s0_d0.5,2025-08-01,0.8438977694507025
monthly_mean_m2_s0_d1.0,2025-08-01,0.843363629484561
monthly_mean_m2_s1_d0.0,2025-08-01,0.8402822004576672
monthly_mean_m2_s1_d0.5,2025-08-01,0.8438977694507025
monthly_mean_m2_s1_d1.0,2025-08-01,0.843363629484561
monthly_mean_m3_s0_d0.0,2025-08-01,0.8444858470800916
monthly_mean_m3_s0_d0.5,2025-08-01,0.8512293641526275
monthly_mean_m3_s0_d1.0,2025-08-01,0.8495518853700721
monthly_mean_m3_s1_d0.0,2025-08-01,0.8582780043169331
monthly_mean_m3_s1_d0.5,2025-08-01,0.872467973639669
monthly_mean_m3_s1_d1.0,2025-08-01,0.8732965888093662
monthly_mean_m6_s0_d0.0,2025-08-01,0.8454370875197935
monthly_mean_m6_s0_d0.5,2025-08-01,0.8438231469554327
monthly_mean_m6_s0_d1.0,2025-08-01,0.8390893751443902
monthly_mean_m6_s1_d0.0,2025-08-01,0.8766029326553363
monthly_mean_m6_s1_d0.5,2025-08-01,0.8778686349084381
monthly_mean_m6_s1_d1.0,2025-08-01,0.8733157899192602
monthly_mean_m0_s0_d0.0,2025-08-01,0.8490539656794125
monthly_mean_m0_s0_d0.5,2025-08-01,0.8461104355326663
monthly_mean_m0_s0_d1.0,2025-08-01,0.8389909258172974
monthly_mean_m0_s1_d0.0,2025-08-01,0.8778181883560804
monthly_mean_m0_s1_d0.5,2025-08-01,0.8800367893265568
monthly_mean_m0_s1_d1.0,2025-08-01,0.8749871592577584
monthly_median_m1_s0_d0.0,2025-08-01,0.8011729434367596
monthly_median_m1_s0_d0.5,2025-08-01,0.8018649688928928
monthly_median_m1_s0_d1.0,2025-08-01,0.7999188491273663
monthly_median_m1_s1_d0.0,2025-08-01,0.8011729434367596
monthly_median_m1_s1_d0.5,2025-08-01,0.8018649688928928
monthly_median_m1_s1_d1.0,2025-08-01,0.7999188491273663
monthly_median_m2_s0_d0.0,2025-08-01,0.8434420049240373
monthly_median_m2_s0_d0.5,2025-08-01,0.8478926476419161
monthly_median_m2_s0_d1.0,2025-08-01,0.848053064187303
monthly_median_m2_s1_d0.0,2025-08-01,0.8434420049240373
monthly_median_m2_s1_d0.5,2025-08-01,0.8478926476419161
monthly_median_m2_s1_d1.0,2025-08-01,0.848053064187303
monthly_median_m3_s0_d0.0,2025-08-01,0.8483958912766827
monthly_median_m3_s0_d0.5,2025-08-01,0.8517189051771517
monthly_median_m3_s0_d1.0,2025-08-01,0.8491547715063559
monthly_median_m3_s1_d0.0,2025-08-01,0.8723933511443993
monthly_median_m3_s1_d0.5,2025-08-01,0.8761736132936615
monthly_median_m3_s1_d1.0,2025-08-01,0.8730724594902401
monthly_median_m6_s0_d0.0,2025-08-01,0.838682660725727
monthly_median_m6_s0_d0.5,2025-08-01,0.8376267742371029
monthly_median_m6_s0_d1.0,2025-08-01,0.8346677959246691
monthly_median_m6_s1_d0.0,2025-08-01,0.8767072295931695
monthly_median_m6_s1_d0.5,2025-08-01,0.8779001421842187
monthly_median_m6_s1_d1.0,2025-08-01,0.8748709052651276
monthly_median_m0_s0_d0.0,2025-08-01,0.8410504194089706
monthly_median_m0_s0_d0.5,2025-08-01,0.8389862128175962
monthly_median_m0_s0_d1.0,2025-08-01,0.8348622508012318
monthly_median_m0_s1_d0.0,2025-08-01,0.8791150487738738
monthly_median_m0_s1_d0.5,2025-08-01,0.8796606221281794
monthly_median_m0_s1_d1.0,2025-08-01,0.8759063687550463
monthly_equal_m2_s0_d0.0,2025-08-01,0.8409296269721831
monthly_equal_m2_s0_d0.5,2025-08-01,0.8453148113608778
monthly_equal_m2_s0_d1.0,2025-08-01,0.8451620752594484
monthly_equal_m2_s1_d0.0,2025-08-01,0.8409296269721831
monthly_equal_m2_s1_d0.5,2025-08-01,0.8453148113608778
monthly_equal_m2_s1_d1.0,2025-08-01,0.8451620752594484
monthly_equal_m3_s0_d0.0,2025-08-01,0.8448006580045805
monthly_equal_m3_s0_d0.5,2025-08-01,0.8519048068320342
monthly_equal_m3_s0_d1.0,2025-08-01,0.8498253266305168
monthly_equal_m3_s1_d0.0,2025-08-01,0.8583847450323892
monthly_equal_m3_s1_d0.5,2025-08-01,0.872332431259372
monthly_equal_m3_s1_d1.0,2025-08-01,0.8726697598491002
monthly_equal_m6_s0_d0.0,2025-08-01,0.8444271964171427
monthly_equal_m6_s0_d0.5,2025-08-01,0.8424785455962212
monthly_equal_m6_s0_d1.0,2025-08-01,0.837636462069822
monthly_equal_m6_s1_d0.0,2025-08-01,0.8766137550990948
monthly_equal_m6_s1_d0.5,2025-08-01,0.8772797717790989
monthly_equal_m6_s1_d1.0,2025-08-01,0.8723166339825956
monthly_equal_m0_s0_d0.0,2025-08-01,0.8484869219931346
monthly_equal_m0_s0_d0.5,2025-08-01,0.8449813229931283
monthly_equal_m0_s0_d1.0,2025-08-01,0.8378351062794525
monthly_equal_m0_s1_d0.0,2025-08-01,0.8782319722742955
monthly_equal_m0_s1_d0.5,2025-08-01,0.8796717936830268
monthly_equal_m0_s1_d1.0,2025-08-01,0.8743879100735219
monthly_exp_h1_s0_d0.0,2025-08-01,0.8465924706687773
monthly_exp_h1_s0_d0.5,2025-08-01,0.8491405452294799
monthly_exp_h1_s0_d1.0,2025-08-01,0.8477332784297961
monthly_exp_h1_s1_d0.0,2025-08-01,0.8727589577323349
monthly_exp_h1_s1_d0.5,2025-08-01,0.8768075117534794
monthly_exp_h1_s1_d1.0,2025-08-01,0.873369465749191
monthly_exp_h2_s0_d0.0,2025-08-01,0.8517025842337418
monthly_exp_h2_s0_d0.5,2025-08-01,0.8520361598792634
monthly_exp_h2_s0_d1.0,2025-08-01,0.8482073712886328
monthly_exp_h2_s1_d0.0,2025-08-01,0.8765883572673714
monthly_exp_h2_s1_d0.5,2025-08-01,0.8785902475293627
monthly_exp_h2_s1_d1.0,2025-08-01,0.8740593965387905
monthly_exp_h3_s0_d0.0,2025-08-01,0.8515049873573783
monthly_exp_h3_s0_d0.5,2025-08-01,0.8505928473596422
monthly_exp_h3_s0_d1.0,2025-08-01,0.8458284410505416
monthly_exp_h3_s1_d0.0,2025-08-01,0.8775562677615721
monthly_exp_h3_s1_d0.5,2025-08-01,0.8791099866630836
monthly_exp_h3_s1_d1.0,2025-08-01,0.8742354358054093
daily_mean_w28,2025-08-01,0.8030020237097051
daily_mean_w56,2025-08-01,0.8390108251493693
daily_mean_w84,2025-08-01,0.8486162676516021
daily_median_w28,2025-08-01,0.792811296466795
daily_median_w56,2025-08-01,0.8432584597690054
daily_median_w84,2025-08-01,0.8463116107976918
daily_trim10_w28,2025-08-01,0.8010306806679997
daily_trim10_w56,2025-08-01,0.8388538997148722
daily_trim10_w84,2025-08-01,0.8487251903113643
daily_ses_a0.1_w28,2025-08-01,0.7968540901549712
daily_ses_a0.1_w84,2025-08-01,0.8168643522754319
daily_ses_a0.3_w28,2025-08-01,0.791955363354385
daily_ses_a0.3_w84,2025-08-01,0.8166197126798282
daily_ses_a0.5_w28,2025-08-01,0.7938761725659604
daily_ses_a0.5_w84,2025-08-01,0.8188857927584061
daily_holt_a0.1_d0.5,2025-08-01,0.8163155496435532
daily_holt_a0.1_d0.8,2025-08-01,0.8141851865008167
daily_holt_a0.1_d0.95,2025-08-01,0.8012572537647485
daily_holt_a0.3_d0.5,2025-08-01,0.8169154970499677
daily_holt_a0.3_d0.8,2025-08-01,0.8179222461528176
daily_holt_a0.3_d0.95,2025-08-01,0.8158687747274294
baseline,2025-09-01,0.8859333437401333
v1_robust,2025-09-01,0.8806472015599851
monthly_mean_m1_s0_d0.0,2025-09-01,0.7861582921327807
monthly_mean_m1_s0_d0.5,2025-09-01,0.7867919517854156
monthly_mean_m1_s0_d1.0,2025-09-01,0.7855966071845651
monthly_mean_m1_s1_d0.0,2025-09-01,0.7861582921327807
monthly_mean_m1_s1_d0.5,2025-09-01,0.7867919517854156
monthly_mean_m1_s1_d1.0,2025-09-01,0.7855966071845651
monthly_mean_m2_s0_d0.0,2025-09-01,0.7741787376530649
monthly_mean_m2_s0_d0.5,2025-09-01,0.7746721328762809
monthly_mean_m2_s0_d1.0,2025-09-01,0.7740173041929342
monthly_mean_m2_s1_d0.0,2025-09-01,0.7741787376530649
monthly_mean_m2_s1_d0.5,2025-09-01,0.7746721328762809
monthly_mean_m2_s1_d1.0,2025-09-01,0.7740173041929342
monthly_mean_m3_s0_d0.0,2025-09-01,0.7979680239438987
monthly_mean_m3_s0_d0.5,2025-09-01,0.8014057177238336
monthly_mean_m3_s0_d1.0,2025-09-01,0.8032576158920147
monthly_mean_m3_s1_d0.0,2025-09-01,0.7979680239438987
monthly_mean_m3_s1_d0.5,2025-09-01,0.8014057177238336
monthly_mean_m3_s1_d1.0,2025-09-01,0.8032576158920147
monthly_mean_m6_s0_d0.0,2025-09-01,0.8576737853935413
monthly_mean_m6_s0_d0.5,2025-09-01,0.8634341138616303
monthly_mean_m6_s0_d1.0,2025-09-01,0.8655481943953658
monthly_mean_m6_s1_d0.0,2025-09-01,0.8757046249079049
monthly_mean_m6_s1_d0.5,2025-09-01,0.8799728503260933
monthly_mean_m6_s1_d1.0,2025-09-01,0.8771268701564572
monthly_mean_m0_s0_d0.0,2025-09-01,0.8622985129696771
monthly_mean_m0_s0_d0.5,2025-09-01,0.8701726867600492
monthly_mean_m0_s0_d1.0,2025-09-01,0.8740256855610197
monthly_mean_m0_s1_d0.0,2025-09-01,0.8806472015599851
monthly_mean_m0_s1_d0.5,2025-09-01,0.8859333437401333
monthly_mean_m0_s1_d1.0,2025-09-01,0.8836873879854461
monthly_median_m1_s0_d0.0,2025-09-01,0.7896433418184559
monthly_median_m1_s0_d0.5,2025-09-01,0.7908155572931583
monthly_median_m1_s0_d1.0,2025-09-01,0.7897974053197461
monthly_median_m1_s1_d0.0,2025-09-01,0.7896433418184559
monthly_median_m1_s1_d0.5,2025-09-01,0.7908155572931583
monthly_median_m1_s1_d1.0,2025-09-01,0.7897974053197461
monthly_median_m2_s0_d0.0,2025-09-01,0.7703534153996544
monthly_median_m2_s0_d0.5,2025-09-01,0.7706736165901223
monthly_median_m2_s0_d1.0,2025-09-01,0.7693645864539687
monthly_median_m2_s1_d0.0,2025-09-01,0.7703534153996544
monthly_median_m2_s1_d0.5,2025-09-01,0.7706736165901223
monthly_median_m2_s1_d1.0,2025-09-01,0.7693645864539687
monthly_median_m3_s0_d0.0,2025-09-01,0.8073170519443323
monthly_median_m3_s0_d0.5,2025-09-01,0.8092167764411582
monthly_median_m3_s0_d1.0,2025-09-01,0.8094040047572301
monthly_median_m3_s1_d0.0,2025-09-01,0.8073170519443323
monthly_median_m3_s1_d0.5,2025-09-01,0.8092167764411582
monthly_median_m3_s1_d1.0,2025-09-01,0.8094040047572301
monthly_median_m6_s0_d0.0,2025-09-01,0.8659912543677787
monthly_median_m6_s0_d0.5,2025-09-01,0.8694736383236605
monthly_median_m6_s0_d1.0,2025-09-01,0.869602847814819
monthly_median_m6_s1_d0.0,2025-09-01,0.886565356912602
monthly_median_m6_s1_d0.5,2025-09-01,0.8864704098896694
monthly_median_m6_s1_d1.0,2025-09-01,0.8831072781401297
monthly_median_m0_s0_d0.0,2025-09-01,0.8793398179039978
monthly_median_m0_s0_d0.5,2025-09-01,0.8811554151046993
monthly_median_m0_s0_d1.0,2025-09-01,0.8803531872445457
monthly_median_m0_s1_d0.0,2025-09-01,0.8919939588290577
monthly_median_m0_s1_d0.5,2025-09-01,0.891110426210208
monthly_median_m0_s1_d1.0,2025-09-01,0.8875152191610148
monthly_equal_m2_s0_d0.0,2025-09-01,0.7743000283586607
monthly_equal_m2_s0_d0.5,2025-09-01,0.77465770657387
monthly_equal_m2_s0_d1.0,2025-09-01,0.773884488126173
monthly_equal_m2_s1_d0.0,2025-09-01,0.7743000283586607
monthly_equal_m2_s1_d0.5,2025-09-01,0.77465770657387
monthly_equal_m2_s1_d1.0,2025-09-01,0.773884488126173
monthly_equal_m3_s0_d0.0,2025-09-01,0.7980219657703046
monthly_equal_m3_s0_d0.5,2025-09-01,0.8030175434029813
monthly_equal_m3_s0_d1.0,2025-09-01,0.8062715370386297
monthly_equal_m3_s1_d0.0,2025-09-01,0.7980219657703046
monthly_equal_m3_s1_d0.5,2025-09-01,0.8030175434029813
monthly_equal_m3_s1_d1.0,2025-09-01,0.8062715370386297
monthly_equal_m6_s0_d0.0,2025-09-01,0.8584447301305321
monthly_equal_m6_s0_d0.5,2025-09-01,0.8641751867441725
monthly_equal_m6_s0_d1.0,2025-09-01,0.8663417194317824
monthly_equal_m6_s1_d0.0,2025-09-01,0.8758728010963363
monthly_equal_m6_s1_d0.5,2025-09-01,0.8787136066140206
monthly_equal_m6_s1_d1.0,2025-09-01,0.8756993718521358
monthly_equal_m0_s0_d0.0,2025-09-01,0.8638430681734521
monthly_equal_m0_s0_d0.5,2025-09-01,0.8714410253149462
monthly_equal_m0_s0_d1.0,2025-09-01,0.8751495258803553
monthly_equal_m0_s1_d0.0,2025-09-01,0.8817461878691889
monthly_equal_m0_s1_d0.5,2025-09-01,0.8856577543217948
monthly_equal_m0_s1_d1.0,2025-09-01,0.8834991404197474
monthly_exp_h1_s0_d0.0,2025-09-01,0.8042253542108064
monthly_exp_h1_s0_d0.5,2025-09-01,0.8080920736798306
monthly_exp_h1_s0_d1.0,2025-09-01,0.8103027477166652
monthly_exp_h1_s1_d0.0,2025-09-01,0.8696280154402206
monthly_exp_h1_s1_d0.5,2025-09-01,0.878384937811268
monthly_exp_h1_s1_d1.0,2025-09-01,0.8776654259785247
monthly_exp_h2_s0_d0.0,2025-09-01,0.8308201643014718
monthly_exp_h2_s0_d0.5,2025-09-01,0.8371257129161116
monthly_exp_h2_s0_d1.0,2025-09-01,0.8409316694266117
monthly_exp_h2_s1_d0.0,2025-09-01,0.8776829100298162
monthly_exp_h2_s1_d0.5,2025-09-01,0.882427909061921
monthly_exp_h2_s1_d1.0,2025-09-01,0.8803221393328353
monthly_exp_h3_s0_d0.0,2025-09-01,0.8426179003285198
monthly_exp_h3_s0_d0.5,2025-09-01,0.8496516635996401
monthly_exp_h3_s0_d1.0,2025-09-01,0.8537795461845918
monthly_exp_h3_s1_d0.0,2025-09-01,0.8797628849029607
monthly_exp_h3_s1_d0.5,2025-09-01,0.8837566185562549
monthly_exp_h3_s1_d1.0,2025-09-01,0.8814098354923262
daily_mean_w28,2025-09-01,0.790220472318709
daily_mean_w56,2025-09-01,0.7672614824546762
daily_mean_w84,2025-09-01,0.7940937777083992
daily_median_w28,2025-09-01,0.7918845933440961
daily_median_w56,2025-09-01,0.7506852689654718
daily_median_w84,2025-09-01,0.8013217472353442
daily_trim10_w28,2025-09-01,0.7919202670810361
daily_trim10_w56,2025-09-01,0.7676464451983581
daily_trim10_w84,2025-09-01,0.7942572496677834
daily_ses_a0.1_w28,2025-09-01,0.8067550533808471
daily_ses_a0.1_w84,2025-09-01,0.8127752120999671
daily_ses_a0.3_w28,2025-09-01,0.8306117669546883
daily_ses_a0.3_w84,2025-09-01,0.8356380788838056
daily_ses_a0.5_w28,2025-09-01,0.8329294622023429
daily_ses_a0.5_w84,2025-09-01,0.8373226633055473
daily_holt_a0.1_d0.5,2025-09-01,0.8140376703685552
daily_holt_a0.1_d0.8,2025-09-01,0.8179348889225677
daily_holt_a0.1_d0.95,2025-09-01,0.8310419687010393
daily_holt_a0.3_d0.5,2025-09-01,0.83627267938225
daily_holt_a0.3_d0.8,2025-09-01,0.8385079722177641
daily_holt_a0.3_d0.95,2025-09-01,0.8392153314588026
