osm_id,name,lat,lon,routes
472373305,Курский вокзал,55.7555891,37.6601427,2;4;32
4909436987,3-й Сыромятнический переулок,55.7531308,37.6638299,2;4;32
919757151,Дом Культуры Метростроя,55.7509360,37.6654238,2;4;32
919757145,Костомаровский мост,55.7475010,37.6684884,2;4;32
683155027,Музей имени Андрея Рублёва,55.7474904,37.6707282,4;32;43
471970141,Дом культуры «Серп и молот»,55.7486565,37.6756547,4;32;43
471970142,Трамвайно-ремонтный завод,55.7520492,37.6782247,4;32;43
2371073737,Библиотека имени Грина,55.7556250,37.6821748,4;32;43
2371073740,Красноказарменная площадь,55.7575985,37.6849063,4;32;43
2371073751,Лефортовский мост,55.7613185,37.6865608,4;32;43
2360761231,Лефортовская набережная,55.7628491,37.6823020,4;43;50;т2
2360708033,МГТУ имени Баумана,55.7652335,37.6801524,4;43;50;т2
13725188935,Денисовский переулок,55.7668566,37.6798643,4;43;50;т2
2360708026,Аптекарский переулок,55.7681050,37.6796233,4;43;50;т2
2360708034,Метро «Бауманская»,55.7721950,37.6786612,4;43;50;т2
2358271807,Басманный двор,55.7751735,37.6778637,4;43;50;т2
2358271811,Поликлиника,55.7770940,37.6734216,4;43;50;т2
2358271809,Ольховская улица,55.7763944,37.6703821,4;43;50;т2
2358271813,Метро «Красносельская»,55.7790764,37.6668325,4;43;50;т2
1992978967,Леснорядская улица,55.7817007,37.6705396,4;7;13;43;т1
3599958536,МЦД Митьково,55.7853273,37.6758022,4;7;13;43;т1
1992979018,Метро «Сокольники»,55.7892854,37.6810069,4;7;13;43;т1
1984518005,2-й Полевой переулок,55.7908035,37.6813735,4;43
1984517983,ПКиО Сокольники,55.7926944,37.6811460,4;25
1992955360,Охотничья улица,55.7958552,37.6829494,4;25
1992955362,Улица Короленко,55.7992914,37.6859668,4;25
1992955359,Майский просек,55.8028831,37.6888615,4;25
1992955355,Большая Оленья улица,55.8054757,37.6917199,4;25
1992955356,2-й Ширяевский переулок,55.8083611,37.6883116,4;25
1992955353,Большая Ширяевская улица,55.8105218,37.6854418,4;25
1642815217,Ростокинский проезд,55.8151031,37.6854207,4;25
287393749,Богатырский мост,55.8167445,37.6894557,4;11
1984653753,Богородский храм,55.8150507,37.6960486,4;7;46
1984653757,Богородское,55.8166403,37.7006106,4;7;46
1984653783,Ланинский переулок,55.8188569,37.7049436,4;7;46
1984653805,Погонный проезд,55.8197433,37.7101928,4;7;46
1984653779,Игральная улица,55.8185109,37.7156669,4;7;46
1984654046,3-й проезд Подбельского,55.8181211,37.7210193,4;7;46
1984654067,5-й проезд Подбельского,55.8170884,37.7259860,4;7;46
664687258,Метро «Бульвар Рокоссовского»,55.8142659,37.7342433,4;7
1377188043,Даниловская мануфактура,55.7009595,37.6214940,16;47;49;т2
1377188053,Стадион «Труд»,55.6955304,37.6212538,16;47;49;т2
1377188061,МЦК Верхние Котлы,55.6896974,37.6223960,16;47;49;т2
1377188051,Метро «Нагатинская»,55.6842818,37.6236766,16;47;49;т2
1377334343,Платформа Нагатинская,55.6803852,37.6247841,16;т2
1377334346,Нижние Котлы,55.6781817,37.6255701,16;т2
1377334428,1-й Нагатинский проезд,55.6753044,37.6265955,16;т2
1377334349,Хлебозаводский проезд,55.6693888,37.6254553,16;т2
1381710544,Симферопольский бульвар,55.6641479,37.6151502,16;т2
1381710534,Нахимовский проспект,55.6629046,37.6128165,16;т2
1381710558,Фруктовая улица,55.6606793,37.6101119,16;т2
1381710531,Болотниковская улица,55.6559940,37.6053520,1;16;т2
1381710556,Метро «Каховская»,55.6536252,37.6054067,1;16;т2
1381710553,"Симферопольский бульвар, 20",55.6491778,37.6054902,1;16;т2
1381710560,Черноморский бульвар,55.6455234,37.6055469,1;16;т2
678963759,Балаклавский проспект,55.6427412,37.6056042,1;16
678963757,Метро «Чертановская»,55.6401092,37.6055680,1;16
678963756,Верхний Чертановский пруд,55.6378508,37.6051582,1;16
678963755,Сумской проезд,55.6338519,37.6031046,1;16
8270024933,Футбольная школа «Чертаново»,55.6313691,37.6009867,1;16
952273050,Школьный парк,55.6286706,37.5986893,1;16
678963752,Кинотеатр «Ашхабад»,55.6242157,37.5957465,1;16
678963751,"Чертановская улица, 28",55.6197801,37.5938360,1;16
10865222673,Детская стоматологическая поликлиника,55.6164951,37.5928734,1;16
678963749,Чертаново-Центральное,55.6116699,37.5914997,1;16
10865222687,"Чертановская улица, 44",55.6092164,37.5909208,1;16
678963747,Кировоградские пруды,55.6060142,37.5901865,1;16
678963746,"Чертановская улица, 53",55.6026514,37.5893497,1;16
678963745,ОВД «Чертаново Южное»,55.6007754,37.5889036,1;16
678963744,Поликлиника,55.5989309,37.5884671,1;16
678963743,Чертаново Южное,55.5963145,37.5878379,1;16
444863659,Усадьба Останкино,55.8235904,37.6157775,11;17;25
535844745,Аргуновская улица,55.8218598,37.6213391,11;17;25
639572174,Улица Цандера,55.8218230,37.6281370,11;17;25
535844754,ВДНХ (южный вход),55.8220741,37.6336906,11;17;25
535844761,Метро «ВДНХ»,55.8240069,37.6387399,11;17;25
243894862,ВДНХ (северный вход),55.8272146,37.6460711,11;17;25
535844764,улица Сергея Эйзенштейна,55.8289817,37.6488419,17
535844768,Сельскохозяйственная улица,55.8318212,37.6519639,17
273091182,Улица Докукина,55.8370466,37.6582215,17
243896132,МЦК Ростокино,55.8429430,37.6652471,17
535844771,node/535844771,55.8459816,37.6694964,17
535844774,Социальный фонд России,55.8507675,37.6706063,17
535844813,Берингов проезд,55.8547765,37.6647293,17
535844810,Верхоянская улица,55.8567262,37.6619052,17
535844779,Радужная улица,55.8594542,37.6602088,17
535844816,Печорская улица,55.8645961,37.6616972,17
535844818,Метро «Бабушкинская»,55.8682878,37.6635791,17
535844784,Олонецкий проезд,55.8702948,37.6596176,17
535844788,Сухонская улица,55.8714122,37.6523153,17
535844782,Проезд Шокальского,55.8716849,37.6481314,17
534957374,МФЦ «Южное Медведково»,55.8716961,37.6378787,17
535844777,Культурно-досуговый центр,55.8743664,37.6370817,17
535844790,Улица Молодцова,55.8779406,37.6360426,17
1098654108,Поликлиника,55.8815736,37.6388938,17
679923004,Улица Тихомирова,55.8859136,37.6430233,17
535844808,Медведково,55.8875052,37.6429789,17
534957385,Медведково,55.8865575,37.6429552,17
534957384,Улица Тихомирова,55.8847048,37.6418096,17
534957383,Поликлиника,55.8817849,37.6390216,17
534957382,Улица Молодцова,55.8788513,37.6362130,17
534957377,Культурно-досуговый центр,55.8744708,37.6369974,17
1098591539,МФЦ «Южное Медведково»,55.8718418,37.6377818,17
534957378,Проезд Шокальского,55.8715629,37.6462401,17
534957381,Сухонская улица,55.8714629,37.6515958,17
534957379,Олонецкий проезд,55.8704168,37.6586348,17
534957387,Метро «Бабушкинская»,55.8682098,37.6635030,17
534957386,Печорская улица,55.8642419,37.6614700,17
535516946,Радужная улица,55.8598610,37.6600682,17
535516949,Верхоянская улица,55.8570580,37.6614864,17
535516954,Берингов проезд,55.8545022,37.6650967,17
535516942,Социальный фонд России,55.8505492,37.6705910,17
535516937,node/535516937,55.8457135,37.6690538,17
535516930,МЦК Ростокино,55.8429843,37.6652301,17
535516927,улица Докукина,55.8369197,37.6579870,17
535516922,Сельскохозяйственная улица,55.8327291,37.6528158,17
535516918,улица Сергея Эйзенштейна,55.8296408,37.6494839,17
535516914,ВДНХ (северный вход),55.8272421,37.6460967,11;17;25
535516842,Метро «ВДНХ»,55.8238048,37.6382716,11;17;25
1046562062,ВДНХ (южный вход),55.8220920,37.6339085,11;17;25
1046561946,Улица Цандера,55.8218406,37.6286054,11;17;25
535516828,Аргуновская улица,55.8218859,37.6221282,11;17;25
3236023227,Усадьба Останкино,55.8227374,37.6172291,11;17;25
428062933,Москворецкий рынок,55.6584318,37.6085510,1
1984582826,Метрогородок,55.8292790,37.7665705,13;36;46;т1
1984082421,Детские ясли-сад,55.8271655,37.7637111,13;36;46;т1
1984082383,Монтажная улица,55.8246532,37.7585776,13;36;46;т1
1984082368,Консультативно-диагностический центр,55.8231057,37.7555700,13;36;46;т1
1984082333,Тагильская улица,55.8207763,37.7510630,13;36;46;т1
1984082314,Плодоовощной комбинат,55.8176037,37.7432624,13;36;46;т1
1984082290,Метро «Бульвар Рокоссовского»,55.8127106,37.7345117,13;36;т1
1984082276,Районный центр «Янтарь»,55.8106201,37.7308974,13;36;т1
1984082244,Просторная улица,55.8072533,37.7267495,13;36;т1
1984082176,Черкизово,55.8023741,37.7270054,13;36;т1
1984082122,Халтуринская улица,55.7993531,37.7286106,13;36;т1
5424283351,Зельев переулок,55.7976369,37.7244508,13;36;т1
1984082069,Метро «Преображенская площадь»,55.7964387,37.7175579,13;36;т1
1984518219,Преображенская площадь,55.7952214,37.7091523,7;13;т1
1984518173,Трамвайное депо имени Русакова,55.7945373,37.6994592,7;13;т1
1984534523,Малая Остроумовская улица,55.7930579,37.6906143,7;13;т1
4886737498,Клуб Русакова - Сцена «Мельников»,55.7914494,37.6865268,7;13;т1
1992978972,Метро «Сокольники»,55.7893074,37.6809737,4;7;13;43;т1
3599958537,МЦД Митьково,55.7850787,37.6755108,4;7;13;43;т1
1992978966,Леснорядская улица,55.7815948,37.6702733,4;7;13;43;т1
1992978970,Метро «Красносельская»,55.7796973,37.6665866,4;7;13;43;т1
387747233,node/387747233,55.7754616,37.6563076,7;13;50;т1;т2
13134322142,МЦД Площадь трёх вокзалов,55.7746859,37.6527737,7;13;50
697454775,Каланчёвская улица,55.7765493,37.6504438,13
11987259526,Каланчёвская улица,55.7757977,37.6503120,7;13;50
13134322144,МЦД Площадь трёх вокзалов,55.7746318,37.6531564,7;13;50;т1;т2
471943151,node/471943151,55.7752772,37.6555161,7;13;50;т1;т2
471943152,Метро «Красносельская»,55.7792274,37.6656070,7;13;50;т1;т2
1984517976,Клуб Русакова - Сцена «Мельников»,55.7914500,37.6866194,7;13;т1
1984518151,Малая Остроумовская улица,55.7932342,37.6911894,7;13;т1
1984518163,Трамвайное депо имени Русакова,55.7943627,37.6982848,7;13;т1
1984518195,Преображенская площадь,55.7951809,37.7099613,7;13;т1
1984082077,Метро «Преображенская площадь»,55.7965626,37.7183996,13;36;т1
5424283350,Зельев переулок,55.7976086,37.7244614,13;36;т1
1984082114,Халтуринская улица,55.7990247,37.7288431,13;36;т1
1984082158,Черкизово,55.8019936,37.7272534,13;36;т1
1984082228,Просторная улица,55.8069230,37.7269811,13;36;т1
1984082257,Районный центр «Янтарь»,55.8103495,37.7305045,13;36;т1
1984082291,Метро «Бульвар Рокоссовского»,55.8131567,37.7353655,13;36;т1
1984082315,Плодоовощной комбинат,55.8175198,37.7431499,13;36;46;т1
1984082328,Тагильская улица,55.8205216,37.7505147,13;36;46;т1
1984082360,Консультативно-диагностический центр,55.8228266,37.7550805,13;36;46;т1
1984082377,Монтажная улица,55.8243902,37.7581313,13;36;46;т1
1984082412,Детские ясли-сад,55.8269364,37.7633290,13;36;46;т1
1984587014,Метрогородок,55.8289157,37.7674387,13;36;46;т1
5041552959,Белорусский вокзал,55.7763827,37.5835607,5;7
6173481392,Метро «Белорусская»,55.7772017,37.5866005,5;7
1927810164,ДК Зуева,55.7792403,37.5897182,5;7
4291992645,Миусское депо,55.7809631,37.5923727,5;7
4291992592,Лесная улица,55.7837955,37.5965074,5;7
1257401467,Улица Палиха,55.7852254,37.6027211,7
12464935104,Площадь Борьбы,55.7843377,37.6069101,7;50
3007312924,Улица Достоевского,55.7831440,37.6104435,7;50
3016721033,Селезнёвская улица,55.7811663,37.6091909,7;50
473120396,4-й Самотёчный переулок,55.7795009,37.6128558,7;50
473120397,Самотёчная улица,55.7785210,37.6169873,7;50
3016214896,Театр зверей имени Дурова,55.7790401,37.6232933,7;50
473120399,Улица Щепкина,55.7783133,37.6298101,7;50
4656724435,Метро «Проспект Мира»,55.7806137,37.6323751,7;50
473120401,Метро «Проспект Мира»,55.7804065,37.6343838,7;50
473120402,Ботанический переулок,55.7798197,37.6399804,7;50
4291989484,Астраханский переулок,55.7796845,37.6420429,7;50
473120404,Пантелеевская улица,55.7793525,37.6454248,7;50
1984681607,Метро «Преображенская площадь»,55.7971751,37.7147987,7;11;46
1984681624,Улица Хромова,55.8001894,37.7126904,7;11;46
1984681574,Мосгорсуд,55.8045675,37.7072979,7;11;46
1984681580,Телерадиокомпания «Мир»,55.8068477,37.7064271,7;11;46
1984682066,1-я Прогонная улица,55.8099066,37.7039343,7;11;46
1984681646,Инновационный университет,55.8125354,37.6975726,7;11;46
1677617756,Ярославская улица,55.8249706,37.6522783,11;25
1677617737,"улица Бориса Галушкина, 17",55.8228406,37.6586016,11;25
1677617709,Площадь Академика Люльки,55.8219602,37.6614911,11;25
2447720025,Станция юных натуралистов,55.8190883,37.6712839,11;25
287393729,Лингвистический университет,55.8173407,37.6787958,11;25
287393738,Ростокинский проезд,55.8154337,37.6840045,11;25
10707781450,Богородский храм,55.8148875,37.6939936,11
1984681642,Инновационный университет,55.8123893,37.6978374,7;11;46
1984682069,1-я Прогонная улица,55.8101641,37.7034529,7;11;46
1984681582,Телерадиокомпания «Мир»,55.8071635,37.7062274,7;11;46
1984681577,Мосгорсуд,55.8047883,37.7071638,7;11;46
1984681614,Улица Хромова,55.7999530,37.7128303,7;11;46
1984681612,Метро «Преображенская площадь»,55.7977091,37.7146709,7;11;46
1865721073,Преображенский рынок,55.7925367,37.7147329,11;36;46
1865721070,Улица Преображенский Вал,55.7885228,37.7166785,11;36;46
1475300542,Улица Измайловский Вал,55.7864856,37.7172845,11;36;46
10665892060,Метро «Семёновская»,55.7834231,37.7182944,11;36;46
1475230084,Метро «Семёновская»,55.7822559,37.7203543,11;12;32
1475230072,Улица Ибрагимова,55.7826190,37.7297544,11;12;32
1475230089,Фортунатовская улица,55.7829670,37.7384266,11;12;32
1478068143,Мост Окружной железной дороги,55.7839731,37.7459510,11;12;32
275634389,Метро «Партизанская»,55.7865575,37.7506449,11;12
728258096,Главная аллея,55.7867695,37.7616821,11;12
13910949174,Галерея «Измайлово»,55.7903089,37.7713960,11;12
1468321457,Измайловская площадь,55.7922097,37.7785450,11;12
1468322504,3-я Парковая улица,55.7929143,37.7839766,11;12
1468322520,5-я Парковая улица,55.7930631,37.7893527,11;12
1468322522,7-я Парковая улица,55.7932051,37.7948796,11;12
1468321514,Метро «Первомайская»,55.7932507,37.8006660,11;12
1468321473,Районный центр «Первомайский»,55.7933523,37.8065758,11;12
1468322481,13-я Парковая улица,55.7934768,37.8133823,11;12
1468322487,15-я Парковая улица,55.7935885,37.8202296,11;12
1468322377,Восточное Измайлово,55.7936335,37.8208910,11;12
1468322489,15-я Парковая улица,55.7935877,37.8182720,11;12
1468322484,13-я Парковая улица,55.7934805,37.8118479,11;12
1468321477,Районный центр «Первомайский»,55.7933493,37.8045229,11;12
1468321517,Метро «Первомайская»,55.7932646,37.7983325,11;12
1468322523,7-я Парковая улица,55.7932036,37.7930404,11;12
1468322521,5-я Парковая улица,55.7930605,37.7873217,11;12
1468322508,3-я Парковая улица,55.7927325,37.7819983,11;12
1468321464,Измайловская площадь,55.7913317,37.7746675,11;12
4725748726,Галерея «Измайлово»,55.7901232,37.7706495,11;12
275634390,Главная аллея,55.7867745,37.7603431,11;12
1468321511,Метро «Партизанская»,55.7866072,37.7511246,11;12
1478068142,Мост Окружной железной дороги,55.7839713,37.7458895,11;12;32
1475230092,Фортунатовская улица,55.7830217,37.7391403,11;12;32
1475230075,Улица Ибрагимова,55.7826955,37.7310291,11;12;32
1475230086,Метро «Семёновская»,55.7823168,37.7213594,11;12;32
1475300562,Метро «Семёновская»,55.7835060,37.7183203,11;36;46
1475300537,Улица Измайловский Вал,55.7871881,37.7171421,11;36;46
1865721078,Преображенское кладбище,55.7914332,37.7159056,11;36;46
695657549,Преображенский рынок,55.7937250,37.7146649,11;36;46
275350289,Богородский храм,55.8148527,37.6941724,4;11
718450772,Богатырский мост,55.8168065,37.6893623,4;11
239836747,Ростокинский проезд,55.8157220,37.6849464,4;11
718450763,Лингвистический университет,55.8173922,37.6786674,11;25
287393722,Станция юных натуралистов,55.8191196,37.6713237,11;25
1677617703,Площадь Академика Люльки,55.8217922,37.6621394,11;25
1677617745,"улица Бориса Галушкина, 17",55.8230517,37.6580040,11;25
1677617750,Ярославская улица,55.8249588,37.6523865,11;25
1677617714,Проспект Мира,55.8263898,37.6487246,11;25
471836117,Метро «Бульвар Рокоссовского»,55.8152431,37.7327079,4;7;46
1984654065,5-й проезд Подбельского,55.8169370,37.7266525,4;7;46
1984653987,3-й проезд Подбельского,55.8182949,37.7217525,4;7;46
1984653782,Игральная улица,55.8182970,37.7162437,4;7;46
1984653803,Погонный проезд,55.8197130,37.7098304,4;7;46
1984653797,Ланинский переулок,55.8189526,37.7052788,4;7;46
1984653772,Богородское,55.8170058,37.7011362,4;7;46
1992955354,Большая Ширяевская улица,55.8105020,37.6853975,4;25
1992955357,2-й Ширяевский переулок,55.8087622,37.6877084,4;25
1992955352,Большая Оленья улица,55.8058679,37.6915524,4;25
1992955358,Майский просек,55.8026189,37.6884912,4;25
1992955363,Улица Короленко,55.7995479,37.6861749,4;25
1992955361,Охотничья улица,55.7958677,37.6828937,4;25
826381884,ПКиО Сокольники,55.7926290,37.6807219,4;25
1984517985,2-й Полевой переулок,55.7904035,37.6815854,4;43
2358271808,Нижняя Красносельская улица,55.7789857,37.6669072,4;43;50;т2
2358271810,Ольховская улица,55.7766865,37.6699352,4;43;50;т2
2358271812,Поликлиника,55.7771210,37.6735399,4;43;50;т2
2360708029,Басманный двор,55.7752275,37.6777957,4;43;50;т2
2360708036,Метро «Бауманская»,55.7725615,37.6785273,4;43;50;т2
2360708027,Аптекарский переулок,55.7691394,37.6793595,4;43;50;т2
13725188934,Денисовский переулок,55.7666067,37.6798656,4;43;50;т2
2360708032,МГТУ имени Баумана,55.7657000,37.6800231,4;43;50;т2
2360761234,Лефортовская набережная,55.7628785,37.6815409,4;43;50;т2
2371073747,Лефортовский мост,55.7611964,37.6863814,4;32;43
2371073744,Красноказарменная площадь,55.7578998,37.6852469,4;32;43
2371073733,Библиотека имени Грина,55.7553942,37.6817746,4;32;43
4909436992,Трамвайно-ремонтный завод,55.7526010,37.6785590,4;32;43
735092559,Дом культуры «Серп и молот»,55.7486460,37.6755834,4;32;43
735092561,Музей имени Андрея Рублёва,55.7473291,37.6704995,4;32;43
3012825593,Костомаровский мост,55.7475149,37.6685480,2;4;32
3012825597,Дом Культуры Метростроя,55.7510981,37.6653632,2;4;32
919757130,3-й Сыромятнический переулок,55.7531397,37.6638710,2;4;32
705055372,МЦД Новогиреево,55.7454178,37.8167798,36;т2
705056453,Улица Алексея Дикого,55.7473746,37.8176020,36;т2
5506761046,Метро «Новогиреево»,55.7514209,37.8180790,36;т2
255740854,Метро «Новогиреево»,55.7520578,37.8135257,36;т2
936862418,"Зелёный проспект, 65",55.7528262,37.8081168,36;т2
3446041579,Мартеновская улица,55.7534462,37.8038276,36;т2
9423699867,"Новогиреевская улица, 37",55.7534456,37.7987192,36;т2
255743891,Перово Поле,55.7522290,37.7925810,36;т2
936862421,Федеративный проспект,55.7560757,37.7894501,36;т2
936862413,Улица Металлургов,55.7583771,37.7881329,36;т2
13240581661,МФЦ Перово,55.7612107,37.7863963,36;т2
255743894,Шоссе Энтузиастов,55.7635225,37.7849942,36;т2
936862439,2-я Владимирская улица,55.7636124,37.7780738,2;36;т2
496984841,Кинотеатр «Слава»,55.7627183,37.7736182,2;36;т2
10881867444,Главная аллея,55.7617984,37.7689284,2;36;т2
695657537,Улица Плеханова,55.7594667,37.7566912,2;36;т2
695657536,Метро «Шоссе Энтузиастов»,55.7585703,37.7520138,2;36;т2
4394189537,МЦК «Шоссе Энтузиастов»,55.7590199,37.7484119,2;36;т2
3446041502,Проспект Будённого,55.7567591,37.7423794,2;36;т2
695657534,Гаражная улица,55.7572985,37.7399065,12;36
695657531,3-я улица Соколиной Горы,55.7605909,37.7368945,12;36
695657533,5-я улица Соколиной Горы,55.7627908,37.7348404,12;36
695657532,"Проспект Будённого, 24",55.7654326,37.7324078,12;36
695657541,8-я улица Соколиной Горы,55.7680317,37.7300351,12;36
695657542,9-я улица Соколиной Горы,55.7700618,37.7281916,12;36
695657539,Стадион «Крылья Советов»,55.7734858,37.7250942,12;36
695657538,Кирпичная улица,55.7774701,37.7214732,12;36
10981951406,Семёновская площадь,55.7816286,37.7186448,12;32;36;46
1240945537,Кирпичная улица,55.7774559,37.7214071,12;36
1240945431,Стадион «Крылья Советов»,55.7737288,37.7248082,12;36
1240945606,9-я улица Соколиной Горы,55.7698304,37.7283335,12;36
496982780,8-я улица Соколиной Горы,55.7678082,37.7301625,12;36
1240945554,"Проспект Будённого, 24",55.7654149,37.7323525,12;36
1240945520,5-я улица Соколиной Горы,55.7633396,37.7342825,12;36
1240945509,3-я улица Соколиной Горы,55.7609137,37.7365245,12;36
1240945404,Гаражная улица,55.7569129,37.7401876,12;36
800886913,Проспект Будённого,55.7568504,37.7429870,2;36;т2
3446041495,МЦК «Шоссе Энтузиастов»,55.7587475,37.7483598,2;36;т2
695081258,Метро «Шоссе Энтузиастов»,55.7585981,37.7523684,2;36;т2
496984206,Улица Плеханова,55.7594045,37.7565787,2;36;т2
3446041532,Главная аллея,55.7616633,37.7684170,2;36;т2
695081259,Кинотеатр «Слава»,55.7627601,37.7740522,2;36;т2
800563880,2-я Владимирская улица,55.7636269,37.7782915,2;36;т2
937066580,Шоссе Энтузиастов,55.7633133,37.7850684,36;т2
13240581662,МФЦ Перово,55.7608281,37.7865634,36;т2
255743893,Улица Металлургов,55.7588247,37.7877879,36;т2
255743892,Федеративный проспект,55.7564232,37.7891758,36;т2
496988723,Перово Поле,55.7521978,37.7926018,36;т2
9429541815,"Новогиреевская улица, 37",55.7531920,37.7976204,36;т2
255740855,Мартеновская улица,55.7535471,37.8028828,36;т2
60906314,"Зелёный проспект, 65",55.7528688,37.8076199,36;т2
10881867470,Метро «Новогиреево»,55.7520869,37.8130520,36;т2
255589067,Метро «Новогиреево»,55.7513620,37.8182640,36;т2
726648668,Улица Алексея Дикого,55.7470862,37.8174153,36;т2
705055793,МЦД Новогиреево,55.7451905,37.8162498,36;т2
944176912,Метро «Щукинская»,55.8100039,37.4613730,10;21
711057604,Медицинский центр имени Бурназяна,55.8068443,37.4581526,10;15;21;28;30;31
943820342,Детская поликлиника,55.8056539,37.4535993,10;15;21;28;30;31
638922972,"Улица Исаковского, 33",55.8043507,37.4202366,10;15;21;30
944656876,Улица Маршала Катукова,55.8052499,37.4135639,10;15;21;30
6398564169,Музыкальная школа имени Майкапара,55.8072462,37.4083027,15;21
8299188699,Культурный центр «Строгино»,55.8098751,37.4044745,15;21
944656877,Школа имени Алексея Маресьева,55.8112790,37.3979200,15;21
944656875,Мякининский проезд,55.8078027,37.3955606,15;21
8299188704,Строгинский бульвар,55.8048858,37.3935829,15;21
250559604,Таллинская улица,55.8015705,37.3913237,15;21
944700694,Метро «Войковская»,55.8188070,37.4989152,27;31
4378904644,Школа имени Зои и Александра Космодемьянских,55.8199624,37.5068872,23;27;30
4378946054,node/4378946054,55.8209444,37.5106725,23;27;30
690203492,Районный центр «Рассвет»,55.8226826,37.5173454,23;27;30
944700693,Новопетровская улица,55.8262415,37.5161532,23;27;30
944700691,Коптево,55.8269098,37.5176638,23;27;30
944700689,Коптевская улица,55.8302919,37.5198385,23;27;30
690165934,Коптевский рынок,55.8332905,37.5231643,23;27;30
927186934,3-й Михалковский переулок,55.8358840,37.5256034,23;27;30
944700690,Соболевский проезд,55.8384930,37.5288260,23;27;30
943078854,Большая Академическая улица,55.8367216,37.5376869,27;29
943078838,Политехнический университет,55.8354597,37.5424851,27;29
943078866,Тимирязевская академия,55.8334837,37.5500316,27;29
943078859,Пасечная улица,55.8297887,37.5532618,27;29
943078845,Институт биотехнологий,55.8272406,37.5553745,27;29
943078860,Красностуденческий проезд,55.8234623,37.5623964,27;29
943078852,Парк «Дубки»,55.8195534,37.5639169,27;29
943078876,Префектура САО,55.8172694,37.5658657,27;29
943078864,Улица Костякова,55.8152730,37.5698653,27;29
943078869,Улица Всеволода Вишневского,55.8125270,37.5719790,27;29
943078856,Дмитровский проезд,55.8092310,37.5745159,27;29
943078842,Метро «Дмитровская»,55.8088505,37.5764019,27;29
3476117616,Метро «Дмитровская»,55.8088822,37.5768699,27;29
943094270,Дмитровский проезд,55.8098726,37.5740756,27;29
943094261,Улица Всеволода Вишневского,55.8120354,37.5724088,27;29
943094275,Улица Костякова,55.8158814,37.5694444,27;29
943094265,Префектура САО,55.8169484,37.5662086,27;29
9807999962,Парк «Дубки»,55.8197177,37.5638544,27;29
449584455,Красностуденческий проезд,55.8240914,37.5621298,27;29
943094259,Институт биотехнологий,55.8271533,37.5555016,27;29
3020722346,Пасечная улица,55.8301051,37.5530715,27;29
943094278,Тимирязевская академия,55.8337928,37.5498602,27;29
943094263,Политехнический университет,55.8352734,37.5433209,27;29
943094279,Большая Академическая улица,55.8369608,37.5369394,27;29
943094276,Соболевский проезд,55.8382275,37.5285296,23;27;30
927186932,3-й Михалковский переулок,55.8362901,37.5257793,23;27;30
944841877,Коптевский рынок,55.8330975,37.5228657,23;27;30
690166053,Коптевская улица,55.8305779,37.5200285,23;27;30
690166109,Коптево,55.8268247,37.5172292,23;27;30
690166287,Новопетровская улица,55.8253648,37.5158903,23;27;30
690166444,Районный центр «Рассвет»,55.8232008,37.5176603,23;27;30
943256994,3-й Новоподмосковный переулок,55.8212191,37.5116224,23;27;30
943256997,Школа имени Зои и Александра Космодемьянских,55.8200850,37.5072440,23;27;30
825930154,Метро «Войковская»,55.8182618,37.5002267,23;27;30;31
943098664,Михалково,55.8390633,37.5228979,23;29;30
943098666,Проезд Черепановых,55.8399482,37.5247320,23;29;30
943256996,1-й Новоподмосковный переулок,55.8178722,37.5017547,23;30;31
943034194,Мост Победы,55.8143656,37.5000583,23;30;31
899715431,Улица Константина Царёва,55.8138556,37.4966595,23;30;31
943034202,Факультетский переулок,55.8127643,37.4931441,23;30;31
899715472,МЦК «Стрешнево»,55.8114464,37.4906588,23;30;31
5110954035,Панфиловский путепровод,55.8090555,37.4909718,23;30;31
2424317941,Улица Панфилова,55.8088711,37.4942834,6;15;23;28
2424320142,Университет «РОСБИОТЕХ»,55.8077868,37.4996145,6;15;23;28
2424327578,Гидропроект,55.8067939,37.5048796,6;15;23;28
2424418102,Метро «Сокол»,55.8058700,37.5087510,6;23
2424418056,Метро «Сокол»,55.8058020,37.5086983,15;28
2424327579,Гидропроект,55.8067505,37.5052959,6;15;23;28
2424320147,Университет «РОСБИОТЕХ»,55.8079649,37.4988346,6;15;23;28
2424317942,Улица Панфилова,55.8089822,37.4939005,6;15;23;28
825877090,Пехотная улица,55.8106388,37.4825773,6;15;28;30;31
798645928,Улица Академика Курчатова,55.8104056,37.4762634,6;15;28;30;31
945438226,Диспансер,55.8102117,37.4697611,15;28;30;31
303302468,Метро «Щукинская»,55.8099877,37.4631335,15;28;30;31
5110954034,Панфиловский путепровод,55.8090402,37.4910571,23;30;31
943034222,МЦК «Стрешнево»,55.8116907,37.4909635,23;30;31
2640729583,Факультетский переулок,55.8126376,37.4929050,23;30;31
4378980852,Улица Константина Царёва,55.8138756,37.4971660,23;30;31
825822774,Мост Победы,55.8144249,37.5006457,23;30;31
943034247,1-й Новоподмосковный переулок,55.8180507,37.5016702,23;30;31
946247708,Метро «Войковская»,55.8187522,37.4990212,23
943098665,Проезд Черепановых,55.8397447,37.5240525,23;29;30
943098668,Михалково,55.8391004,37.5219105,23;29;30
5241762248,Метро «Строгино»,55.8015203,37.4077678,10;30
5894578522,Школа имени Марины Цветаевой,55.7992404,37.4022747,10;30
8299188700,"Таллинская улица, 6",55.7993609,37.3957285,10;30
8299188701,Улица Кулакова,55.8000890,37.3923371,10;30
946193043,Улица Кулакова,55.8001336,37.3919510,10;30
946193034,"Таллинская улица, 6",55.7993979,37.3953969,10;30
946177842,Школа имени Марины Цветаевой,55.7991552,37.4016298,10;30
946193053,Метро «Строгино»,55.8020600,37.4081926,10;30
946193045,Улица Маршала Катукова,55.8052728,37.4131108,10;15;21;30
5891405076,"Улица Исаковского, 33",55.8043569,37.4198942,10;15;21;30
944176914,Детская поликлиника,55.8055914,37.4532373,10;15;21;28;30;31
5139143240,Метро «Щукинская»,55.8100011,37.4616021,10;21
8299188702,Таллинская улица,55.8013519,37.3912310,15;21
8299188703,Строгинский бульвар,55.8050607,37.3937493,15;21
250559401,Мякининский проезд,55.8080962,37.3958148,15;21
638952062,Школа имени Алексея Маресьева,55.8115390,37.3981538,15;21
638952859,Культурный центр «Строгино»,55.8100640,37.4041278,15;21
638968949,Музыкальная школа имени Майкапара,55.8074262,37.4079594,15;21
946177826,Метро «Щукинская»,55.8099037,37.4622295,15;28;30;31
946177823,Диспансер,55.8101418,37.4689969,15;28;30;31
6162356566,Покровское-Стрешнево,55.8103108,37.4743843,15;28;30;31
943034221,Улица Академика Курчатова,55.8103898,37.4769147,6;15;28;30;31
943034197,Пехотная улица,55.8106182,37.4831449,6;15;28;30;31
946247721,Метро «Войковская»,55.8187621,37.4990703,30
899715451,Покровское-Глебово,55.8147262,37.4681554,6
899715467,Больница РЖД,55.8167674,37.4608115,6
302201188,Канал имени Москвы,55.8193059,37.4511931,6
899715503,Тушинская улица,55.8242361,37.4513984,6
899715434,Улица Циолковского,55.8289494,37.4528569,6
899715488,Улица Мещерякова,55.8322011,37.4535105,6
899715500,Восточный мост,55.8362343,37.4530478,6
899715462,Новопоселковая улица,55.8371774,37.4419954,6
899715428,Западный мост,55.8380659,37.4379665,6
899715477,Улица Фабрициуса,55.8422438,37.4388440,6
899715456,Нелидовская улица,55.8460097,37.4396216,6
777383397,Метро «Сходненская»,55.8519131,37.4389829,6
777383407,Улица Фомичёвой,55.8557135,37.4366728,6
777383410,Планерная улица,55.8576730,37.4321885,6
777383412,"Улица Героев Панфиловцев, 21",55.8582730,37.4267098,6
777383404,Туристская улица,55.8581427,37.4205777,6
777383409,Университет имени Менделеева,55.8577227,37.4160805,6
777383411,"Улица Героев Панфиловцев, 33",55.8569182,37.4129619,6
777383414,Улица Вилиса Лациса,55.8559179,37.4108602,6
777383416,НИИАТ,55.8548384,37.4093676,6
777383400,Детская больница,55.8528532,37.4078024,6
777383402,Братцево,55.8516693,37.4072360,6
963824252,Братцево,55.8528019,37.4078207,6
963824256,НИИАТ,55.8544074,37.4089989,6
250557831,Улица Вилиса Лациса,55.8558275,37.4107898,6
963824254,"Улица Героев Панфиловцев, 33",55.8571124,37.4136690,6
963824241,Университет имени Менделеева,55.8576430,37.4158387,6
943034261,Туристская улица,55.8580166,37.4193350,6
943034199,"Улица Героев Панфиловцев, 21",55.8582550,37.4262840,6
943034250,Планерная улица,55.8578270,37.4312935,6
943034228,Улица Фомичёвой,55.8554606,37.4369161,6
943034232,Метро «Сходненская»,55.8517675,37.4389775,6
943034215,Нелидовская улица,55.8464791,37.4396671,6
943034258,Улица Фабрициуса,55.8427987,37.4389034,6
10568640087,Западный мост,55.8381926,37.4379473,6
943034233,Новопоселковая улица,55.8371941,37.4413959,6
943034244,Восточный мост,55.8360883,37.4534731,6
943034223,Улица Мещерякова,55.8326477,37.4535485,6
943034204,Улица Циолковского,55.8287300,37.4527577,6
943034254,Тушинская улица,55.8251051,37.4517009,6
943034230,Канал имени Москвы,55.8193059,37.4510429,6
943034211,Больница РЖД,55.8166122,37.4611996,6
943034256,Покровское-Глебово,55.8142230,37.4698516,6
303594453,Покровское-Стрешнево,55.8106736,37.4750782,6
952302299,Чертаново Южное,55.5965297,37.5879502,1;16;1а
952302345,Поликлиника,55.5987032,37.5884766,1;16;1а
952302321,ОВД «Чертаново Южное»,55.6005910,37.5889240,1;16;1а
952302293,"Чертановская улица, 53",55.6024436,37.5893735,1;16;1а
952302380,Кировоградские пруды,55.6062561,37.5903031,1;16;1а
678963748,"Чертановская улица, 44",55.6090792,37.5909438,1;16;1а
952302376,Чертаново-Центральное,55.6134325,37.5920220,1;16;1а
10865222674,Детская стоматологическая поликлиника,55.6163903,37.5929108,1;16;1а
952302326,"Чертановская улица, 28",55.6194300,37.5937844,1;16;1а
952302296,Кинотеатр «Ашхабад»,55.6244807,37.5959206,1;16;1а
952302338,Школьный парк,55.6285186,37.5986274,1;16;1а
678963754,Футбольная школа «Чертаново»,55.6311917,37.6008971,1;16;1а
952302312,Сумской проезд,55.6348666,37.6038333,1;16;1а
952302288,Верхний Чертановский пруд,55.6377496,37.6051947,1;16;1а
952302329,Метро «Чертановская»,55.6403651,37.6056508,1;16;1а
996689318,Балаклавский проспект,55.6430034,37.6056747,1;16;1а
996689322,Черноморский бульвар,55.6451942,37.6056246,1;16;1а;т2
996689315,"Симферопольский бульвар, 20",55.6494472,37.6055584,1;16;1а;т2
996689312,Метро «Каховская»,55.6529207,37.6054835,1;16;1а;т2
60792114,Болотниковская улица,55.6563013,37.6054157,1;16;1а;т2
10865222525,Метро «Чертановская»,55.6438510,37.6044503,т2
1381710557,Фруктовая улица,55.6606644,37.6101784,16;т2
1381710533,Нахимовский проспект,55.6628865,37.6128623,16;т2
1381710536,Симферопольский бульвар,55.6641299,37.6150619,16;т2
1377334348,Хлебозаводский проезд,55.6690477,37.6252246,16;т2
1377334429,1-й Нагатинский проезд,55.6754965,37.6265632,16;т2
1377334347,Нижние Котлы,55.6784355,37.6255354,16;т2
1377334345,Платформа Нагатинская,55.6808854,37.6246785,16;т2
1377188040,Метро «Нагатинская»,55.6840465,37.6237929,16;47;49;47а;т2
1377188064,МЦК Верхние Котлы,55.6901471,37.6223739,16;47;49;47а;т2
1377188054,Стадион «Труд»,55.6957185,37.6212699,16;47;49;47а;т2
1377188042,Даниловская мануфактура,55.7012164,37.6216549,16;47;49;47а;т2
1376637394,Платформа Тульская,55.7047249,37.6235197,47;т2
3230415893,Метро «Тульская»,55.7088936,37.6245733,47;т2
1376689650,Серпуховская Застава,55.7114577,37.6254220,38;39;39а;т1;т2
1376689648,Свято-Данилов монастырь,55.7115927,37.6311932,38;39;39а;т1;т2
1376689636,Улица Даниловский Вал,55.7142332,37.6332920,38;39;39а;т1;т2
1376689765,1-й Павловский переулок,55.7166541,37.6335077,38;39;39а;т1;т2
1376689638,"Дубининская улица, 57",55.7199250,37.6349267,38;39;39а;т1;т2
1376689640,Жуков проезд,55.7240299,37.6365347,38;39;39а;т1;т2
1376689653,Стремянный переулок,55.7271771,37.6372887,38;39;39а;т1;т2
1376689645,Павелецкий вокзал,55.7303623,37.6364317,39;А;т1;т2
1376698056,Метро «Павелецкая»,55.7318034,37.6352106,39;А;т1;т2
1376698050,Вишняковский переулок,55.7357039,37.6324593,39;А;т1;т2
1376698058,Метро «Третьяковская»,55.7404355,37.6297914,39;А;т1;т2
1376698062,Метро «Новокузнецкая»,55.7420561,37.6297340,39;А;т1;т2
1376698060,Комиссариатский мост,55.7444345,37.6346611,39;А;т1;т2
1376698064,Яузские Ворота,55.7502626,37.6422479,39;А;т1;т2
1376698052,Воронцово Поле,55.7528360,37.6473087,39;А;т1;т2
1376698054,Казарменный переулок,55.7565397,37.6481542,39;А;т1;т2
1376698059,Покровские Ворота,55.7590017,37.6464591,39;А;т1;т2
1376908317,Большой Харитоньевский переулок,55.7633450,37.6423196,39;А;т1;т2
13134322141,Метро «Чистые пруды»,55.7651176,37.6383616,т1;т2
13134322147,Лукойл Москва,55.7664495,37.6373678,т1;т2
13134322145,Проспект Академика Сахарова,55.7711266,37.6448457,т1;т2
13134322139,Улица Маши Порываевой,55.7732000,37.6477047,т1;т2
1507754582,Лефортовский мост,55.7611400,37.6882020,32;50;т2
1507754858,1-й Краснокурсантский проезд,55.7587729,37.6949228,32;50;т2
1507754577,Улица Лефортовский Вал,55.7572129,37.6996140,32;50;т2
1507754592,МЭИ,55.7544512,37.7079710,32;50;т2
250722843,Метро «Авиамоторная»,55.7515552,37.7161454,2;12;38;50;т2
7618078828,Метро «Авиамоторная»,55.7523273,37.7203255,2;12;38;50;т2
695081254,Дом культуры «Компрессор»,55.7529882,37.7237671,2;12;38;50;т2
4886738300,Улица Буракова,55.7557426,37.7377743,2;12;т2
4886738301,Улица Буракова,55.7557358,37.7375763,2;12;т2
800886899,Дом культуры «Компрессор»,55.7530488,37.7238732,2;12;38;50;т2
7618078829,Метро «Авиамоторная»,55.7524097,37.7205977,2;12;38;50;т2
800886916,Метро «Авиамоторная»,55.7515035,37.7157334,2;12;38;50;т2
1507754589,МЭИ,55.7542282,37.7087173,32;50;т2
1507754571,Улица Лефортовский Вал,55.7575325,37.6987546,32;50;т2
1507754852,1-й Краснокурсантский проезд,55.7593737,37.6932552,32;50;т2
1507754587,Лефортовский мост,55.7612358,37.6880219,32;50;т2
13134322143,МЦД Площадь трёх вокзалов,55.7745787,37.6528508,т1;т2
13134322138,Улица Маши Порываевой,55.7732228,37.6476499,т1;т2
13134322146,Проспект Академика Сахарова,55.7709456,37.6445090,т1;т2
13134322148,Лукойл Москва,55.7662956,37.6370034,т1;т2
13134322140,Метро «Чистые пруды»,55.7648765,37.6380224,т1;т2
1376965964,Большой Харитоньевский переулок,55.7630666,37.6414078,39;А;т1;т2
1376965981,Покровские Ворота,55.7595125,37.6451822,39;А;т1;т2
1376965977,Казарменный переулок,55.7561740,37.6479447,39;А;т1;т2
1376965973,Воронцово Поле,55.7532041,37.6470423,39;А;т1;т2
1376698065,Яузские Ворота,55.7500490,37.6420034,39;А;т1;т2
1376698061,Комиссариатский мост,55.7442066,37.6341675,39;А;т1;т2
1376698063,Метро «Новокузнецкая»,55.7425889,37.6303559,39;А;т1;т2
1376698057,Метро «Третьяковская»,55.7403863,37.6297282,39;А;т1;т2
1376698051,Вишняковский переулок,55.7359715,37.6320913,39;А;т1;т2
1376698055,Метро «Павелецкая»,55.7316009,37.6352730,39;А;т1;т2
1376689644,Павелецкий вокзал,55.7295122,37.6366602,38;39;т1;т2
1376689652,Стремянный переулок,55.7269480,37.6372403,38;39;т1;т2
1376689641,Жуков проезд,55.7236935,37.6364272,38;39;т1;т2
1376689639,"Дубининская улица, 57",55.7195218,37.6346788,38;39;т1;т2
1376689766,1-й Павловский переулок,55.7164060,37.6333309,38;39;т1;т2
1376689637,Улица Даниловский Вал,55.7141004,37.6331976,38;39;т1;т2
1376689649,Свято-Данилов монастырь,55.7116310,37.6310805,38;39;т1;т2
10866606097,Серпуховская Застава,55.7109064,37.6245672,47;т2
3230415894,Метро «Тульская»,55.7084867,37.6244199,47;т2
1376637395,Платформа Тульская,55.7044562,37.6228903,47;т2
1507754563,Метро «Авиамоторная»,55.7537128,37.7150583,32;46
1479448341,Метро «Авиамоторная»,55.7552282,37.7160033,32;46
1479448346,Юрьевский переулок,55.7593101,37.7162702,32;46
1479448348,"Авиамоторная улица, 2",55.7611375,37.7124977,32;46
13442295396,Метро «Лефортово»,55.7636271,37.7057581,32;46
13442303315,Солдатская улица,55.7652294,37.7016880,32;46
1479448334,Госпитальная площадь,55.7664729,37.6989379,32;46
1479448332,Введенское кладбище,55.7701648,37.7031845,32;46
1479448350,Ухтомская улица,55.7731668,37.7097127,32;46
1479448342,Улица Семёновский Вал,55.7762602,37.7155967,32;46
1479448338,Кирпичная улица,55.7783024,37.7197158,32;46
1085487508,Метро «Партизанская»,55.7869093,37.7474896,32
2214943613,Каланчёвская улица,55.7762135,37.6496992,7;50
697485006,Пантелеевская улица,55.7795661,37.6451873,7;50
473120403,Астраханский переулок,55.7797137,37.6414789,7;50
697485002,Ботанический переулок,55.7799462,37.6391258,7;50
697485003,Метро «Проспект Мира»,55.7804252,37.6345339,7;50
4656724436,Метро «Проспект Мира»,55.7806765,37.6322647,7;50
1257401483,Улица Щепкина,55.7783415,37.6295646,7;50
3016214907,Театр зверей имени Дурова,55.7790904,37.6231966,7;50
3598834231,Самотёчная улица,55.7785719,37.6168427,7;50
1257401477,4-й Самотёчный переулок,55.7794186,37.6131408,7;50
3016716232,Селезнёвская улица,55.7805585,37.6090907,7;50
1257401460,Улица Достоевского,55.7826567,37.6108477,7;50
12464911097,Площадь Борьбы,55.7851841,37.6067729,50
2631470100,Главный корпус МИИТ,55.7870010,37.6087215,50
13388798130,МИИТ,55.7889435,37.6099502,5;50
2631470114,Улица Образцова,55.7900790,37.6093138,5;50
2631470097,Дворец культуры МИИТ,55.7897343,37.6045073,5;50
2631470108,Минаевский переулок,55.7894817,37.6011028,5;50
2631470112,Тихвинский переулок,55.7880228,37.6005454,5;50
3007026870,Улица Палиха,55.7843331,37.6012202,50
4291992589,Метро «Менделеевская»,55.7819789,37.6016624,50
3016749921,Метро «Новослободская»,55.7797846,37.6022115,50
3016750433,Метро «Новослободская»,55.7788865,37.6044974,50
3016750453,Метро «Новослободская»,55.7799775,37.6021809,50
679350543,Метро «Менделеевская»,55.7822532,37.6016908,50
2631470110,Улица Палиха,55.7856552,37.6015668,5;50
2631470111,Тихвинский переулок,55.7876989,37.6007055,5;50
4291992590,Минаевский переулок,55.7895582,37.6025232,5;50
2631470095,Дворец культуры МИИТ,55.7897464,37.6050345,5;50
2631470113,Улица Образцова,55.7900162,37.6088081,5;50
13388798128,МИИТ,55.7889999,37.6099015,5;50
2631470105,Главный корпус МИИТ,55.7873851,37.6090542,50
3012611709,МЦД Калитники,55.7338710,37.6964682,46
472383735,Октябрьское трамвайное депо,55.7359297,37.6955847,46;А
3012611732,Малый Калитниковский проезд,55.7366581,37.6875220,46;А
3012612537,Воловья улица,55.7369873,37.6842163,46;А
3012677949,Большая Калитниковская улица,55.7380145,37.6755090,46;А
801201701,Новорогожская улица,55.7436048,37.6772973,12;38;46
472373349,Библиотечная улица,55.7452034,37.6789495,12;38;46
846185163,Метро «Площадь Ильича»,55.7468660,37.6819477,2;12;38;46
846185156,МЦД Москва-Товарная,55.7473516,37.6883945,2;12;38;46
846185158,Старообрядческая улица,55.7476718,37.6927756,2;12;38;46
471763710,Душинская улица,55.7487951,37.7021017,2;12;38;46
12255909526,Горбатый путепровод,55.7500504,37.7088491,2;12;38;46
12199138416,Метро «Авиамоторная»,55.7517277,37.7128773,46
471831418,Метро «Бульвар Рокоссовского»,55.8142355,37.7342126,46
1984653750,Богородский храм,55.8146857,37.6953421,7;46
1479448339,Кирпичная улица,55.7783635,37.7197233,32;46
1479448343,Улица Семёновский Вал,55.7762008,37.7153769,32;46
1479448351,Ухтомская улица,55.7736156,37.7105154,32;46
1479448333,Введенское кладбище,55.7702527,37.7033669,32;46
1479448335,Госпитальная площадь,55.7672738,37.6982005,32;46
13442303316,Солдатская улица,55.7649539,37.7022176,32;46
3959113622,Метро «Лефортово»,55.7635726,37.7058440,32;46
1479448349,"Авиамоторная улица, 2",55.7611189,37.7124570,32;46
13878912038,Юрьевский переулок,55.7589473,37.7161925,32;46
1479448340,Метро «Авиамоторная»,55.7547835,37.7159192,32;46
10881866057,Метро «Авиамоторная»,55.7535097,37.7138669,32;46
12199138415,Метро «Авиамоторная»,55.7514294,37.7130022,46
12255909527,Горбатый путепровод,55.7501287,37.7090873,2;12;38;46
3015998527,Душинская улица,55.7486484,37.7011578,2;12;38;46
1642037491,Старообрядческая улица,55.7479046,37.6950191,2;12;38;46
800893049,МЦД Москва-Товарная,55.7474223,37.6890012,2;12;38;46
3006961598,Метро «Площадь Ильича»,55.7468677,37.6815721,2;12;38;46
4886738267,Библиотечная улица,55.7452250,37.6789019,12;38;46
2793196397,Новорогожская улица,55.7429023,37.6765805,12;38;46
472373351,Малая Андроньевская улица,55.7405300,37.6743521,12;38;46
3012677950,Большая Калитниковская улица,55.7379977,37.6753444,46;39а;А
3012677946,Воловья улица,55.7370070,37.6835371,46;39а;А
3012612533,Малый Калитниковский проезд,55.7364389,37.6894226,46;39а;А
2793031285,Октябрьское трамвайное депо,55.7358326,37.6960920,46;39а;А
1376488524,Метро «Университет»,55.6921111,37.5377142,14;26;39;39а;т1
1376488519,Драмтеатр,55.6911502,37.5394060,14;26;39;39а;т1
1376488523,Ленинский проспект,55.6886447,37.5437852,14;26;39;39а;т1
1376488521,Центр здоровья детей,55.6862314,37.5479437,14;26;39;39а;т1
1376488538,Черёмушкинский рынок,55.6842467,37.5513913,14;26;39;39а;т1
1376488529,Улица Вавилова,55.6850675,37.5555395,26
1376488760,Улица Ивана Бабушкина,55.6837857,37.5592693,26
1376488528,Профсоюзная улица,55.6815307,37.5658475,26
1376488526,Новочерёмушкинская улица,55.6786650,37.5741684,26
1376488532,Центр детского творчества,55.6772089,37.5783688,26
1376488536,Черёмушки,55.6795889,37.5843858,26
1376500685,Улица Дмитрия Ульянова,55.6829072,37.5899901,26;38
1376500650,Улица Винокурова,55.6864645,37.5938583,26;38
1376500843,Улица Шверника,55.6885939,37.5960594,26;38
10735066095,Загородное шоссе,55.6920783,37.6026133,26;38
1376500701,"Севастопольский проспект, 1",55.6939474,37.6075406,26;38
1376500632,Больница имени Алексеева,55.6970517,37.6116657,26;38
1376500706,Спортивная школа «Тринта»,55.6999147,37.6143137,26;38
1376500694,Духовской переулок,55.7042387,37.6125254,26;38
1376500849,3-я Рощинская улица,55.7078634,37.6106132,26;38
1376500847,3-й Верхний Михайловский проезд,55.7087395,37.6068920,26;38
1376510977,Серпуховский Вал,55.7124896,37.6067033,14;26;47
1376510975,node/1376510975,55.7161231,37.6080883,14;26;47
4370973807,node/4370973807,55.7189065,37.6091413,14;26;47
1376510980,node/1376510980,55.7229183,37.6106726,14;26;47
10871512070,Метро «Октябрьская»,55.7265831,37.6116597,14;26;47
1376510974,Метро «Октябрьская»,55.7268934,37.6116715,14;26;47
1376510981,node/1376510981,55.7226797,37.6105282,14;26;47
1376510978,node/1376510978,55.7186311,37.6089853,14;26;47
1376510976,Улица Лестева,55.7141415,37.6072739,14;26;47
1376500848,Серпуховский Вал,55.7106575,37.6061337,26;38
1376500850,3-я Рощинская улица,55.7083293,37.6091785,26;38
1376500695,Духовской переулок,55.7046676,37.6120453,26;38
1376500709,Спортивная школа «Тринта»,55.7003102,37.6145911,26;38
1376500648,Больница имени Алексеева,55.6977119,37.6121834,26;38
1376500704,"Севастопольский проспект, 1",55.6936589,37.6066745,26;38
1376500698,Загородное шоссе,55.6919581,37.6021874,26;38
1376500846,Улица Шверника,55.6890945,37.5965512,26;38
1376500684,Улица Винокурова,55.6862682,37.5935870,26;38
1376500692,Улица Дмитрия Ульянова,55.6827554,37.5897510,26;38
1376492012,Черёмушки,55.6801747,37.5852350,26
1376488531,Центр детского творчества,55.6771724,37.5799934,26
1376488525,Новочерёмушкинская улица,55.6787811,37.5739747,26
1376488527,Профсоюзная улица,55.6810388,37.5674395,26
1376488759,Улица Ивана Бабушкина,55.6835674,37.5600520,26
1376488530,Улица Вавилова,55.6853780,37.5547537,26
1376488537,Черёмушкинский рынок,55.6848546,37.5504371,14;26;39;т1
1376488520,Центр здоровья детей,55.6863576,37.5478178,14;26;39;т1
1376488522,Ленинский проспект,55.6886766,37.5438414,14;26;39;т1
1376488518,Драмтеатр,55.6909162,37.5399283,14;26;39;т1
1376495190,Метро «Университет»,55.6926426,37.5369453,14;26;39;т1
1376583454,Серпуховский Вал,55.7111826,37.6052206,14;39;т1
4921301797,Донской монастырь,55.7105321,37.6007222,14;39;т1
1376583451,Улица Орджоникидзе,55.7099521,37.5952889,14;39;т1
1376583457,Метро «Ленинский проспект» (северный выход),55.7075178,37.5894000,14;39;т1
1376583458,Метро «Ленинский проспект» (южный выход),55.7057149,37.5862032,14;39;т1
1376583452,Проспект 60-летия Октября,55.7023082,37.5801918,14;39;т1
1376583459,Улица Бардина,55.6994890,37.5752480,14;39;т1
1376583462,Улица Ляпунова,55.6971838,37.5712082,14;39;т1
1376583460,Улица Губкина,55.6946864,37.5667827,14;39;т1
1376583461,Дарвиновский музей,55.6921535,37.5623261,14;39;т1
1376583629,Университетская клиника РУДН,55.6874128,37.5562565,14;39;т1
1376583628,Университетская клиника РУДН,55.6866459,37.5554240,14;39;39а;т1
1376583448,Дарвиновский музей,55.6914485,37.5612507,14;39;39а;т1
1376583447,Улица Губкина,55.6943028,37.5662100,14;39;39а;т1
1376583449,Улица Ляпунова,55.6972600,37.5714346,14;39;39а;т1
1376583446,Улица Бардина,55.6990974,37.5746610,14;39;39а;т1
1376583453,Проспект 60-летия Октября,55.7023006,37.5802903,14;39;39а;т1
1376583456,Метро «Ленинский проспект» (южный выход),55.7057386,37.5863561,14;39;39а;т1
1376583455,Метро «Ленинский проспект» (северный выход),55.7078030,37.5899822,14;39;39а;т1
1376583450,Улица Орджоникидзе,55.7096410,37.5932097,14;39;39а;т1
4921301796,Донской монастырь,55.7104979,37.6007668,14;39;39а;т1
1376965985,Метро «Чистые пруды»,55.7646433,37.6387583,39;А
10866606066,Серпуховская Застава,55.7114607,37.6230857,38;39;47;т1
1376986172,Даниловский рынок,55.7116564,37.6181969,38;39;47;т1
1376637399,Хавская улица,55.7117778,37.6138175,38;39;47;т1
10870541529,Серпуховский Вал,55.7115824,37.6082643,38;39;47;39а;т1
1376637398,Хавская улица,55.7114462,37.6131642,38;39;47;39а;т1
1377322858,Даниловский рынок,55.7112639,37.6197275,38;39;47;39а;т1
1376965984,Метро «Чистые пруды»,55.7647883,37.6390870,39;А
10875296027,МЦД Калитники,55.7338146,37.6964371,А
13596692006,Абельмановская Застава,55.7379807,37.6724428,12;38;43;А
472383741,Кинотеатр «Победа»,55.7354342,37.6705882,12;38;43;А
1377604237,Метро «Пролетарская»,55.7312027,37.6629956,12;38;43;А
1377604230,Динамовская улица,55.7304748,37.6595925,38;А
1377604233,Новоспасский мост,55.7285343,37.6499117,38;А
1377604231,Кожевническая улица,55.7297293,37.6450088,38;А
7958582323,Павелецкий вокзал,55.7302209,37.6393053,38;А
7958582324,Павелецкий вокзал,55.7301883,37.6393099,38;39а;А
7902510033,Кожевническая улица,55.7292920,37.6466378,38;39а;А
1377604234,Новоспасский мост,55.7283740,37.6504003,38;39а;А
1377604227,Динамовская улица,55.7305597,37.6601141,38;39а;А
1377604239,Метро «Пролетарская»,55.7314086,37.6640683,12;38;43;39а;А
476918452,Кинотеатр «Победа»,55.7347509,37.6701423,12;38;43;39а;А
477335826,Абельмановская Застава,55.7381139,37.6726175,12;38;43;39а;А
1377188046,Платформа Нагатинская,55.6816302,37.6254193,47;49
1377188035,МФЦ Нагатино-Садовники,55.6803645,37.6330969,47;49
1377188067,Ювелирный завод,55.6799109,37.6365715,47;49
1377188127,Нагатинское депо,55.6795615,37.6396138,47;49
1377188031,2-й Нагатинский проезд,55.6789114,37.6451795,47;49
1377188059,Улица Садовники,55.6783799,37.6509927,47;49
1377188065,МФЦ «Нагатинский Затон»,55.6776317,37.6575027,47;49
9097447396,Метро «Коломенская»,55.6771496,37.6625864,47;49
484181196,Метро «Коломенская»,55.6781010,37.6655637,47;49
1377188120,9-й квартал,55.6794740,37.6691007,47;49
1377188036,"Судостроительная улица, 21",55.6815432,37.6767492,47;49
1377188033,Затонная улица,55.6830883,37.6824451,47;49
1377188068,Якорная улица,55.6841021,37.6861824,47;49
10866522147,Нагатино,55.6851344,37.6899690,47;49
1377188041,Нагатино,55.6850483,37.6895301,47;49;47а
1377188069,Якорная улица,55.6836244,37.6842692,47;49;47а
1377188034,Затонная улица,55.6826496,37.6806623,47;49;47а
1377188037,"Судостроительная улица, 21",55.6810529,37.6747602,47;49;47а
1377188205,9-й квартал,55.6793344,37.6684598,47;49;47а
1377188038,Метро «Коломенская»,55.6777591,37.6654104,47;49;47а
11099919182,Метро «Коломенская»,55.6772163,37.6621197,47;49;47а
1377188066,МФЦ «Нагатинский Затон»,55.6777403,37.6568924,47;49;47а
1377188060,Улица Садовники,55.6784988,37.6503252,47;49;47а
1377188032,2-й Нагатинский проезд,55.6788220,37.6462410,47;49;47а
1377188203,Нагатинское депо,55.6796409,37.6392486,47;49;47а
4738792769,Ювелирный завод,55.6799975,37.6361763,47;49;47а
11691417329,МФЦ Нагатино-Садовники,55.6804572,37.6327745,47;49;47а
1377188047,Платформа Нагатинская,55.6817359,37.6250041,47;49;47а
10874281006,Черёмушки,55.6801383,37.5855868,38
943820347,"Улица Живописная, 50",55.8013013,37.4502931,28;31
943820345,Улица Рогова,55.7940982,37.4543868,28;31
825976719,Бассейн,55.7893539,37.4541559,28;31
943820332,Улица Маршала Тухачевского,55.7848201,37.4551867,28;31
11126908381,Проспект Маршала Жукова,55.7802392,37.4538925,28;31
825879399,Проспект Маршала Жукова,55.7804252,37.4549434,28;31
944176908,Улица Маршала Тухачевского,55.7846637,37.4553494,28;31
825953891,Бассейн,55.7888830,37.4541926,28;31
944176922,Улица Рогова,55.7943180,37.4544357,28;31
944176905,"Улица Живописная, 50",55.8011484,37.4503483,28;31
473133164,Метро «Сокольники»,55.7918534,37.6794659,25;43
12464935103,Площадь Борьбы,55.7851935,37.6049313,7
4291992598,Улица Палиха,55.7847403,37.6003807,5;7
4291989485,Лесная улица,55.7836325,37.5962169,5;7
6180449287,Миусское депо,55.7808230,37.5921057,5;7
1927810165,ДК Зуева,55.7789959,37.5892979,5;7
6173481393,Метро «Белорусская»,55.7770315,37.5862523,5;7
1085487454,Метро «Партизанская»,55.7868809,37.7470228,32
13388798145,Улица Советской Армии,55.7884668,37.6159725,5
13388798143,Олимпийский проспект,55.7886959,37.6218067,5
13388798139,Улица Щепкина,55.7888622,37.6280894,5
13388798133,Улица Гиляровского,55.7908970,37.6334008,5
12888099756,Метро «Рижская»,55.7927045,37.6340445,5
736521253,МЦК Угрешская,55.7157783,37.6948009,43
736521264,Угрешский переезд,55.7143123,37.6915898,43
736521256,Городской сборный пункт,55.7132296,37.6877608,43
736521269,Южнопортовая улица,55.7119196,37.6832715,43
316393162,МЦК Дубровка,55.7152408,37.6784707,12;43
316393161,Метро «Дубровка»,55.7178206,37.6765102,12;43
736521267,Новоостаповская улица,55.7204753,37.6745329,12;43
736521262,ЦНИИТМАШ,55.7219023,37.6691258,12;43
60672869,Шарикоподшипниковская улица,55.7236276,37.6641088,12;43
252906073,Арбатецкая улица,55.7269009,37.6634006,12;43
476913289,Динамовская улица,55.7300282,37.6615391,12;43
2793218578,Малая Андроньевская улица,55.7405798,37.6737656,43
2853369968,Малый Рогожский переулок,55.7428283,37.6710071,43
2853395261,Большая Андроньевская улица,55.7450453,37.6705253,43
735092562,Большая Андроньевская улица,55.7456980,37.6703269,43
735092558,Малый Рогожский переулок,55.7425986,37.6710131,43
477335830,Малая Андроньевская улица,55.7405081,37.6736789,43
60672864,Динамовская улица,55.7300191,37.6614748,12;43
476913290,Арбатецкая улица,55.7268893,37.6633410,12;43
476913291,Шарикоподшипниковская улица,55.7243300,37.6640216,12;43
253063603,ЦНИИТМАШ,55.7219704,37.6685871,12;43
60672874,Новоостаповская улица,55.7209155,37.6738955,12;43
736360073,Метро «Дубровка»,55.7181284,37.6762027,12;43
476913292,МЦК Дубровка,55.7154054,37.6782884,12;43
736365403,Южнопортовая улица,55.7118145,37.6830307,43
736365406,Городской сборный пункт,55.7132826,37.6881296,43
736365402,Угрешский переезд,55.7144678,37.6922349,43
424982669,МЦК Угрешская,55.7158581,37.6953640,43
13388798136,Улица Гиляровского,55.7899311,37.6325128,5
13388798137,Улица Щепкина,55.7891039,37.6297698,5
13388798141,Олимпийский проспект,55.7887620,37.6230618,5
13388798144,Улица Советской Армии,55.7885567,37.6173386,5
800563874,3-я Владимирская улица,55.7645934,37.7827649,2
12193446106,Хлебников переулок,55.7470507,37.6737993,2
12193446107,Хлебников переулок,55.7470493,37.6742636,2
