osm_id;name;lat;lon;routes;zone_id
2360761231;Лефортовская набережная;55.7628491;37.6823020;50;G003
2360708033;МГТУ имени Баумана;55.7652335;37.6801524;50;G003
13725188935;Денисовский переулок;55.7668566;37.6798643;50;G003
2360708026;Аптекарский переулок;55.7681050;37.6796233;50;G003
2360708034;Метро «Бауманская»;55.7721950;37.6786612;50;G003
2358271807;Басманный двор;55.7751735;37.6778637;50;G003
2358271811;Поликлиника;55.7770940;37.6734216;50;G003
2358271809;Ольховская улица;55.7763944;37.6703821;50;G003
2358271813;Метро «Красносельская»;55.7790764;37.6668325;50;G003
1992978967;Леснорядская улица;55.7817007;37.6705396;7;G003
3599958536;МЦД Митьково;55.7853273;37.6758022;7;G008
1992979018;Метро «Сокольники»;55.7892854;37.6810069;7;G008
1984517983;ПКиО Сокольники;55.7926944;37.6811460;25;G008
1992955360;Охотничья улица;55.7958552;37.6829494;25;G008
1992955362;Улица Короленко;55.7992914;37.6859668;25;G008
1992955359;Майский просек;55.8028831;37.6888615;25;G008
1992955355;Большая Оленья улица;55.8054757;37.6917199;25;G008
1992955356;2-й Ширяевский переулок;55.8083611;37.6883116;25;G008
1992955353;Большая Ширяевская улица;55.8105218;37.6854418;25;G008
1642815217;Ростокинский проезд;55.8151031;37.6854207;25;G008
287393749;Богатырский мост;55.8167445;37.6894557;11;G008
1984653753;Богородский храм;55.8150507;37.6960486;7;G008
1984653757;Богородское;55.8166403;37.7006106;7;G008
1984653783;Ланинский переулок;55.8188569;37.7049436;7;G008
1984653805;Погонный проезд;55.8197433;37.7101928;7;G006
1984653779;Игральная улица;55.8185109;37.7156669;7;G006
1984654046;3-й проезд Подбельского;55.8181211;37.7210193;7;G006
1984654067;5-й проезд Подбельского;55.8170884;37.7259860;7;G006
664687258;Метро «Бульвар Рокоссовского»;55.8142659;37.7342433;7;G006
1381710531;Болотниковская улица;55.6559940;37.6053520;1;G001
1381710556;Метро «Каховская»;55.6536252;37.6054067;1;G001
1381710553;Симферопольский бульвар, 20;55.6491778;37.6054902;1;G001
1381710560;Черноморский бульвар;55.6455234;37.6055469;1;G001
678963759;Балаклавский проспект;55.6427412;37.6056042;1;G001
678963757;Метро «Чертановская»;55.6401092;37.6055680;1;G001
678963756;Верхний Чертановский пруд;55.6378508;37.6051582;1;G001
678963755;Сумской проезд;55.6338519;37.6031046;1;G001
8270024933;Футбольная школа «Чертаново»;55.6313691;37.6009867;1;G001
952273050;Школьный парк;55.6286706;37.5986893;1;G001
678963752;Кинотеатр «Ашхабад»;55.6242157;37.5957465;1;G001
678963751;Чертановская улица, 28;55.6197801;37.5938360;1;G001
10865222673;Детская стоматологическая поликлиника;55.6164951;37.5928734;1;G001
678963749;Чертаново-Центральное;55.6116699;37.5914997;1;G001
10865222687;Чертановская улица, 44;55.6092164;37.5909208;1;G001
678963747;Кировоградские пруды;55.6060142;37.5901865;1;G001
678963746;Чертановская улица, 53;55.6026514;37.5893497;1;G001
678963745;ОВД «Чертаново Южное»;55.6007754;37.5889036;1;G001
678963744;Поликлиника;55.5989309;37.5884671;1;G001
678963743;Чертаново Южное;55.5963145;37.5878379;1;G001
444863659;Усадьба Останкино;55.8235904;37.6157775;"11;17;25";G008
535844745;Аргуновская улица;55.8218598;37.6213391;"11;17;25";G008
639572174;Улица Цандера;55.8218230;37.6281370;"11;17;25";G008
535844754;ВДНХ (южный вход);55.8220741;37.6336906;"11;17;25";G008
535844761;Метро «ВДНХ»;55.8240069;37.6387399;"11;17;25";G008
243894862;ВДНХ (северный вход);55.8272146;37.6460711;"11;17;25";G008
535844764;улица Сергея Эйзенштейна;55.8289817;37.6488419;17;G008
535844768;Сельскохозяйственная улица;55.8318212;37.6519639;17;G008
273091182;Улица Докукина;55.8370466;37.6582215;17;G008
243896132;МЦК Ростокино;55.8429430;37.6652471;17;G008
535844771;node/535844771;55.8459816;37.6694964;17;G008
535844774;Социальный фонд России;55.8507675;37.6706063;17;G008
535844813;Берингов проезд;55.8547765;37.6647293;17;G008
535844810;Верхоянская улица;55.8567262;37.6619052;17;G008
535844779;Радужная улица;55.8594542;37.6602088;17;G008
535844816;Печорская улица;55.8645961;37.6616972;17;G008
535844818;Метро «Бабушкинская»;55.8682878;37.6635791;17;G008
535844784;Олонецкий проезд;55.8702948;37.6596176;17;G008
535844788;Сухонская улица;55.8714122;37.6523153;17;G008
535844782;Проезд Шокальского;55.8716849;37.6481314;17;G008
534957374;МФЦ «Южное Медведково»;55.8716961;37.6378787;17;G008
535844777;Культурно-досуговый центр;55.8743664;37.6370817;17;G008
535844790;Улица Молодцова;55.8779406;37.6360426;17;G008
1098654108;Поликлиника;55.8815736;37.6388938;17;G008
679923004;Улица Тихомирова;55.8859136;37.6430233;17;G008
535844808;Медведково;55.8875052;37.6429789;17;G008
534957385;Медведково;55.8865575;37.6429552;17;G008
534957384;Улица Тихомирова;55.8847048;37.6418096;17;G008
534957383;Поликлиника;55.8817849;37.6390216;17;G008
534957382;Улица Молодцова;55.8788513;37.6362130;17;G008
534957377;Культурно-досуговый центр;55.8744708;37.6369974;17;G008
1098591539;МФЦ «Южное Медведково»;55.8718418;37.6377818;17;G008
534957378;Проезд Шокальского;55.8715629;37.6462401;17;G008
534957381;Сухонская улица;55.8714629;37.6515958;17;G008
534957379;Олонецкий проезд;55.8704168;37.6586348;17;G008
534957387;Метро «Бабушкинская»;55.8682098;37.6635030;17;G008
534957386;Печорская улица;55.8642419;37.6614700;17;G008
535516946;Радужная улица;55.8598610;37.6600682;17;G008
535516949;Верхоянская улица;55.8570580;37.6614864;17;G008
535516954;Берингов проезд;55.8545022;37.6650967;17;G008
535516942;Социальный фонд России;55.8505492;37.6705910;17;G008
535516937;node/535516937;55.8457135;37.6690538;17;G008
535516930;МЦК Ростокино;55.8429843;37.6652301;17;G008
535516927;улица Докукина;55.8369197;37.6579870;17;G008
535516922;Сельскохозяйственная улица;55.8327291;37.6528158;17;G008
535516918;улица Сергея Эйзенштейна;55.8296408;37.6494839;17;G008
535516914;ВДНХ (северный вход);55.8272421;37.6460967;"11;17;25";G008
535516842;Метро «ВДНХ»;55.8238048;37.6382716;"11;17;25";G008
1046562062;ВДНХ (южный вход);55.8220920;37.6339085;"11;17;25";G008
1046561946;Улица Цандера;55.8218406;37.6286054;"11;17;25";G008
535516828;Аргуновская улица;55.8218859;37.6221282;"11;17;25";G008
3236023227;Усадьба Останкино;55.8227374;37.6172291;"11;17;25";G008
428062933;Москворецкий рынок;55.6584318;37.6085510;1;G001
1984518219;Преображенская площадь;55.7952214;37.7091523;7;G006
1984518173;Трамвайное депо имени Русакова;55.7945373;37.6994592;7;G006
1984534523;Малая Остроумовская улица;55.7930579;37.6906143;7;G006
4886737498;Клуб Русакова - Сцена «Мельников»;55.7914494;37.6865268;7;G008
1992978972;Метро «Сокольники»;55.7893074;37.6809737;7;G008
3599958537;МЦД Митьково;55.7850787;37.6755108;7;G008
1992978966;Леснорядская улица;55.7815948;37.6702733;7;G003
1992978970;Метро «Красносельская»;55.7796973;37.6665866;7;G003
387747233;node/387747233;55.7754616;37.6563076;"50;7";G003
13134322142;МЦД Площадь трёх вокзалов;55.7746859;37.6527737;"50;7";G003
11987259526;Каланчёвская улица;55.7757977;37.6503120;"50;7";G003
13134322144;МЦД Площадь трёх вокзалов;55.7746318;37.6531564;"50;7";G003
471943151;node/471943151;55.7752772;37.6555161;"50;7";G003
471943152;Метро «Красносельская»;55.7792274;37.6656070;"50;7";G003
1984517976;Клуб Русакова - Сцена «Мельников»;55.7914500;37.6866194;7;G008
1984518151;Малая Остроумовская улица;55.7932342;37.6911894;7;G006
1984518163;Трамвайное депо имени Русакова;55.7943627;37.6982848;7;G006
1984518195;Преображенская площадь;55.7951809;37.7099613;7;G006
5041552959;Белорусский вокзал;55.7763827;37.5835607;"5;7";G005
6173481392;Метро «Белорусская»;55.7772017;37.5866005;"5;7";G005
1927810164;ДК Зуева;55.7792403;37.5897182;"5;7";G005
4291992645;Миусское депо;55.7809631;37.5923727;"5;7";G005
4291992592;Лесная улица;55.7837955;37.5965074;"5;7";G005
1257401467;Улица Палиха;55.7852254;37.6027211;7;G005
12464935104;Площадь Борьбы;55.7843377;37.6069101;"50;7";G005
3007312924;Улица Достоевского;55.7831440;37.6104435;"50;7";G005
3016721033;Селезнёвская улица;55.7811663;37.6091909;"50;7";G005
473120396;4-й Самотёчный переулок;55.7795009;37.6128558;"50;7";G005
473120397;Самотёчная улица;55.7785210;37.6169873;"50;7";G005
3016214896;Театр зверей имени Дурова;55.7790401;37.6232933;"50;7";G005
473120399;Улица Щепкина;55.7783133;37.6298101;"50;7";G005
4656724435;Метро «Проспект Мира»;55.7806137;37.6323751;"50;7";G005
473120401;Метро «Проспект Мира»;55.7804065;37.6343838;"50;7";G005
473120402;Ботанический переулок;55.7798197;37.6399804;"50;7";G005
4291989484;Астраханский переулок;55.7796845;37.6420429;"50;7";G005
473120404;Пантелеевская улица;55.7793525;37.6454248;"50;7";G005
1984681607;Метро «Преображенская площадь»;55.7971751;37.7147987;"11;7";G006
1984681624;Улица Хромова;55.8001894;37.7126904;"11;7";G006
1984681574;Мосгорсуд;55.8045675;37.7072979;"11;7";G006
1984681580;Телерадиокомпания «Мир»;55.8068477;37.7064271;"11;7";G006
1984682066;1-я Прогонная улица;55.8099066;37.7039343;"11;7";G006
1984681646;Инновационный университет;55.8125354;37.6975726;"11;7";G008
1677617756;Ярославская улица;55.8249706;37.6522783;"11;25";G008
1677617737;улица Бориса Галушкина, 17;55.8228406;37.6586016;"11;25";G008
1677617709;Площадь Академика Люльки;55.8219602;37.6614911;"11;25";G008
2447720025;Станция юных натуралистов;55.8190883;37.6712839;"11;25";G008
287393729;Лингвистический университет;55.8173407;37.6787958;"11;25";G008
287393738;Ростокинский проезд;55.8154337;37.6840045;"11;25";G008
10707781450;Богородский храм;55.8148875;37.6939936;11;G008
1984681642;Инновационный университет;55.8123893;37.6978374;"11;7";G008
1984682069;1-я Прогонная улица;55.8101641;37.7034529;"11;7";G006
1984681582;Телерадиокомпания «Мир»;55.8071635;37.7062274;"11;7";G006
1984681577;Мосгорсуд;55.8047883;37.7071638;"11;7";G006
1984681614;Улица Хромова;55.7999530;37.7128303;"11;7";G006
1984681612;Метро «Преображенская площадь»;55.7977091;37.7146709;"11;7";G006
1865721073;Преображенский рынок;55.7925367;37.7147329;11;G006
1865721070;Улица Преображенский Вал;55.7885228;37.7166785;11;G006
1475300542;Улица Измайловский Вал;55.7864856;37.7172845;11;G006
10665892060;Метро «Семёновская»;55.7834231;37.7182944;11;G006
1475230084;Метро «Семёновская»;55.7822559;37.7203543;"11;12";G006
1475230072;Улица Ибрагимова;55.7826190;37.7297544;"11;12";G006
1475230089;Фортунатовская улица;55.7829670;37.7384266;"11;12";G006
1478068143;Мост Окружной железной дороги;55.7839731;37.7459510;"11;12";G006
275634389;Метро «Партизанская»;55.7865575;37.7506449;"11;12";G006
728258096;Главная аллея;55.7867695;37.7616821;"11;12";G006
13910949174;Галерея «Измайлово»;55.7903089;37.7713960;"11;12";G006
1468321457;Измайловская площадь;55.7922097;37.7785450;"11;12";G006
1468322504;3-я Парковая улица;55.7929143;37.7839766;"11;12";G006
1468322520;5-я Парковая улица;55.7930631;37.7893527;"11;12";G006
1468322522;7-я Парковая улица;55.7932051;37.7948796;"11;12";G006
1468321514;Метро «Первомайская»;55.7932507;37.8006660;"11;12";G006
1468321473;Районный центр «Первомайский»;55.7933523;37.8065758;"11;12";G006
1468322481;13-я Парковая улица;55.7934768;37.8133823;"11;12";G006
1468322487;15-я Парковая улица;55.7935885;37.8202296;"11;12";G009
1468322377;Восточное Измайлово;55.7936335;37.8208910;"11;12";G009
1468322489;15-я Парковая улица;55.7935877;37.8182720;"11;12";G006
1468322484;13-я Парковая улица;55.7934805;37.8118479;"11;12";G006
1468321477;Районный центр «Первомайский»;55.7933493;37.8045229;"11;12";G006
1468321517;Метро «Первомайская»;55.7932646;37.7983325;"11;12";G006
1468322523;7-я Парковая улица;55.7932036;37.7930404;"11;12";G006
1468322521;5-я Парковая улица;55.7930605;37.7873217;"11;12";G006
1468322508;3-я Парковая улица;55.7927325;37.7819983;"11;12";G006
1468321464;Измайловская площадь;55.7913317;37.7746675;"11;12";G006
4725748726;Галерея «Измайлово»;55.7901232;37.7706495;"11;12";G006
275634390;Главная аллея;55.7867745;37.7603431;"11;12";G006
1468321511;Метро «Партизанская»;55.7866072;37.7511246;"11;12";G006
1478068142;Мост Окружной железной дороги;55.7839713;37.7458895;"11;12";G006
1475230092;Фортунатовская улица;55.7830217;37.7391403;"11;12";G006
1475230075;Улица Ибрагимова;55.7826955;37.7310291;"11;12";G006
1475230086;Метро «Семёновская»;55.7823168;37.7213594;"11;12";G006
1475300562;Метро «Семёновская»;55.7835060;37.7183203;11;G006
1475300537;Улица Измайловский Вал;55.7871881;37.7171421;11;G006
1865721078;Преображенское кладбище;55.7914332;37.7159056;11;G006
695657549;Преображенский рынок;55.7937250;37.7146649;11;G006
275350289;Богородский храм;55.8148527;37.6941724;11;G008
718450772;Богатырский мост;55.8168065;37.6893623;11;G008
239836747;Ростокинский проезд;55.8157220;37.6849464;11;G008
718450763;Лингвистический университет;55.8173922;37.6786674;"11;25";G008
287393722;Станция юных натуралистов;55.8191196;37.6713237;"11;25";G008
1677617703;Площадь Академика Люльки;55.8217922;37.6621394;"11;25";G008
1677617745;улица Бориса Галушкина, 17;55.8230517;37.6580040;"11;25";G008
1677617750;Ярославская улица;55.8249588;37.6523865;"11;25";G008
1677617714;Проспект Мира;55.8263898;37.6487246;"11;25";G008
471836117;Метро «Бульвар Рокоссовского»;55.8152431;37.7327079;7;G006
1984654065;5-й проезд Подбельского;55.8169370;37.7266525;7;G006
1984653987;3-й проезд Подбельского;55.8182949;37.7217525;7;G006
1984653782;Игральная улица;55.8182970;37.7162437;7;G006
1984653803;Погонный проезд;55.8197130;37.7098304;7;G006
1984653797;Ланинский переулок;55.8189526;37.7052788;7;G008
1984653772;Богородское;55.8170058;37.7011362;7;G008
1992955354;Большая Ширяевская улица;55.8105020;37.6853975;25;G008
1992955357;2-й Ширяевский переулок;55.8087622;37.6877084;25;G008
1992955352;Большая Оленья улица;55.8058679;37.6915524;25;G008
1992955358;Майский просек;55.8026189;37.6884912;25;G008
1992955363;Улица Короленко;55.7995479;37.6861749;25;G008
1992955361;Охотничья улица;55.7958677;37.6828937;25;G008
826381884;ПКиО Сокольники;55.7926290;37.6807219;25;G008
2358271808;Нижняя Красносельская улица;55.7789857;37.6669072;50;G003
2358271810;Ольховская улица;55.7766865;37.6699352;50;G003
2358271812;Поликлиника;55.7771210;37.6735399;50;G003
2360708029;Басманный двор;55.7752275;37.6777957;50;G003
2360708036;Метро «Бауманская»;55.7725615;37.6785273;50;G003
2360708027;Аптекарский переулок;55.7691394;37.6793595;50;G003
13725188934;Денисовский переулок;55.7666067;37.6798656;50;G003
2360708032;МГТУ имени Баумана;55.7657000;37.6800231;50;G003
2360761234;Лефортовская набережная;55.7628785;37.6815409;50;G003
695657534;Гаражная улица;55.7572985;37.7399065;12;G006
695657531;3-я улица Соколиной Горы;55.7605909;37.7368945;12;G006
695657533;5-я улица Соколиной Горы;55.7627908;37.7348404;12;G006
695657532;Проспект Будённого, 24;55.7654326;37.7324078;12;G006
695657541;8-я улица Соколиной Горы;55.7680317;37.7300351;12;G006
695657542;9-я улица Соколиной Горы;55.7700618;37.7281916;12;G006
695657539;Стадион «Крылья Советов»;55.7734858;37.7250942;12;G006
695657538;Кирпичная улица;55.7774701;37.7214732;12;G006
10981951406;Семёновская площадь;55.7816286;37.7186448;12;G006
1240945537;Кирпичная улица;55.7774559;37.7214071;12;G006
1240945431;Стадион «Крылья Советов»;55.7737288;37.7248082;12;G006
1240945606;9-я улица Соколиной Горы;55.7698304;37.7283335;12;G006
496982780;8-я улица Соколиной Горы;55.7678082;37.7301625;12;G006
1240945554;Проспект Будённого, 24;55.7654149;37.7323525;12;G006
1240945520;5-я улица Соколиной Горы;55.7633396;37.7342825;12;G006
1240945509;3-я улица Соколиной Горы;55.7609137;37.7365245;12;G006
1240945404;Гаражная улица;55.7569129;37.7401876;12;G006
711057604;Медицинский центр имени Бурназяна;55.8068443;37.4581526;28;G007
943820342;Детская поликлиника;55.8056539;37.4535993;28;G007
2424317941;Улица Панфилова;55.8088711;37.4942834;28;G007
2424320142;Университет «РОСБИОТЕХ»;55.8077868;37.4996145;28;G007
2424327578;Гидропроект;55.8067939;37.5048796;28;G007
2424418056;Метро «Сокол»;55.8058020;37.5086983;28;G007
2424327579;Гидропроект;55.8067505;37.5052959;28;G007
2424320147;Университет «РОСБИОТЕХ»;55.8079649;37.4988346;28;G007
2424317942;Улица Панфилова;55.8089822;37.4939005;28;G007
825877090;Пехотная улица;55.8106388;37.4825773;28;G007
798645928;Улица Академика Курчатова;55.8104056;37.4762634;28;G007
945438226;Диспансер;55.8102117;37.4697611;28;G007
303302468;Метро «Щукинская»;55.8099877;37.4631335;28;G007
944176914;Детская поликлиника;55.8055914;37.4532373;28;G007
946177826;Метро «Щукинская»;55.8099037;37.4622295;28;G007
946177823;Диспансер;55.8101418;37.4689969;28;G007
6162356566;Покровское-Стрешнево;55.8103108;37.4743843;28;G007
943034221;Улица Академика Курчатова;55.8103898;37.4769147;28;G007
943034197;Пехотная улица;55.8106182;37.4831449;28;G007
952302299;Чертаново Южное;55.5965297;37.5879502;1;G001
952302345;Поликлиника;55.5987032;37.5884766;1;G001
952302321;ОВД «Чертаново Южное»;55.6005910;37.5889240;1;G001
952302293;Чертановская улица, 53;55.6024436;37.5893735;1;G001
952302380;Кировоградские пруды;55.6062561;37.5903031;1;G001
678963748;Чертановская улица, 44;55.6090792;37.5909438;1;G001
952302376;Чертаново-Центральное;55.6134325;37.5920220;1;G001
10865222674;Детская стоматологическая поликлиника;55.6163903;37.5929108;1;G001
952302326;Чертановская улица, 28;55.6194300;37.5937844;1;G001
952302296;Кинотеатр «Ашхабад»;55.6244807;37.5959206;1;G001
952302338;Школьный парк;55.6285186;37.5986274;1;G001
678963754;Футбольная школа «Чертаново»;55.6311917;37.6008971;1;G001
952302312;Сумской проезд;55.6348666;37.6038333;1;G001
952302288;Верхний Чертановский пруд;55.6377496;37.6051947;1;G001
952302329;Метро «Чертановская»;55.6403651;37.6056508;1;G001
996689318;Балаклавский проспект;55.6430034;37.6056747;1;G001
996689322;Черноморский бульвар;55.6451942;37.6056246;1;G001
996689315;Симферопольский бульвар, 20;55.6494472;37.6055584;1;G001
996689312;Метро «Каховская»;55.6529207;37.6054835;1;G001
60792114;Болотниковская улица;55.6563013;37.6054157;1;G001
1507754582;Лефортовский мост;55.7611400;37.6882020;50;G003
1507754858;1-й Краснокурсантский проезд;55.7587729;37.6949228;50;G003
1507754577;Улица Лефортовский Вал;55.7572129;37.6996140;50;G003
1507754592;МЭИ;55.7544512;37.7079710;50;G003
250722843;Метро «Авиамоторная»;55.7515552;37.7161454;"12;50";G003
7618078828;Метро «Авиамоторная»;55.7523273;37.7203255;"12;50";G006
695081254;Дом культуры «Компрессор»;55.7529882;37.7237671;"12;50";G006
4886738300;Улица Буракова;55.7557426;37.7377743;12;G006
4886738301;Улица Буракова;55.7557358;37.7375763;12;G006
800886899;Дом культуры «Компрессор»;55.7530488;37.7238732;"12;50";G006
7618078829;Метро «Авиамоторная»;55.7524097;37.7205977;"12;50";G006
800886916;Метро «Авиамоторная»;55.7515035;37.7157334;"12;50";G003
1507754589;МЭИ;55.7542282;37.7087173;50;G003
1507754571;Улица Лефортовский Вал;55.7575325;37.6987546;50;G003
1507754852;1-й Краснокурсантский проезд;55.7593737;37.6932552;50;G003
1507754587;Лефортовский мост;55.7612358;37.6880219;50;G003
2214943613;Каланчёвская улица;55.7762135;37.6496992;"50;7";G003
697485006;Пантелеевская улица;55.7795661;37.6451873;"50;7";G005
473120403;Астраханский переулок;55.7797137;37.6414789;"50;7";G005
697485002;Ботанический переулок;55.7799462;37.6391258;"50;7";G005
697485003;Метро «Проспект Мира»;55.7804252;37.6345339;"50;7";G005
4656724436;Метро «Проспект Мира»;55.7806765;37.6322647;"50;7";G005
1257401483;Улица Щепкина;55.7783415;37.6295646;"50;7";G005
3016214907;Театр зверей имени Дурова;55.7790904;37.6231966;"50;7";G005
3598834231;Самотёчная улица;55.7785719;37.6168427;"50;7";G005
1257401477;4-й Самотёчный переулок;55.7794186;37.6131408;"50;7";G005
3016716232;Селезнёвская улица;55.7805585;37.6090907;"50;7";G005
1257401460;Улица Достоевского;55.7826567;37.6108477;"50;7";G005
12464911097;Площадь Борьбы;55.7851841;37.6067729;50;G005
2631470100;Главный корпус МИИТ;55.7870010;37.6087215;50;G005
13388798130;МИИТ;55.7889435;37.6099502;"5;50";G005
2631470114;Улица Образцова;55.7900790;37.6093138;"5;50";G005
2631470097;Дворец культуры МИИТ;55.7897343;37.6045073;"5;50";G005
2631470108;Минаевский переулок;55.7894817;37.6011028;"5;50";G005
2631470112;Тихвинский переулок;55.7880228;37.6005454;"5;50";G005
3007026870;Улица Палиха;55.7843331;37.6012202;50;G005
4291992589;Метро «Менделеевская»;55.7819789;37.6016624;50;G005
3016749921;Метро «Новослободская»;55.7797846;37.6022115;50;G005
3016750433;Метро «Новослободская»;55.7788865;37.6044974;50;G005
3016750453;Метро «Новослободская»;55.7799775;37.6021809;50;G005
679350543;Метро «Менделеевская»;55.7822532;37.6016908;50;G005
2631470110;Улица Палиха;55.7856552;37.6015668;"5;50";G005
2631470111;Тихвинский переулок;55.7876989;37.6007055;"5;50";G005
4291992590;Минаевский переулок;55.7895582;37.6025232;"5;50";G005
2631470095;Дворец культуры МИИТ;55.7897464;37.6050345;"5;50";G005
2631470113;Улица Образцова;55.7900162;37.6088081;"5;50";G005
13388798128;МИИТ;55.7889999;37.6099015;"5;50";G005
2631470105;Главный корпус МИИТ;55.7873851;37.6090542;50;G005
801201701;Новорогожская улица;55.7436048;37.6772973;12;G003
472373349;Библиотечная улица;55.7452034;37.6789495;12;G003
846185163;Метро «Площадь Ильича»;55.7468660;37.6819477;12;G003
846185156;МЦД Москва-Товарная;55.7473516;37.6883945;12;G003
846185158;Старообрядческая улица;55.7476718;37.6927756;12;G003
471763710;Душинская улица;55.7487951;37.7021017;12;G003
12255909526;Горбатый путепровод;55.7500504;37.7088491;12;G003
1984653750;Богородский храм;55.8146857;37.6953421;7;G008
12255909527;Горбатый путепровод;55.7501287;37.7090873;12;G003
3015998527;Душинская улица;55.7486484;37.7011578;12;G003
1642037491;Старообрядческая улица;55.7479046;37.6950191;12;G003
800893049;МЦД Москва-Товарная;55.7474223;37.6890012;12;G003
3006961598;Метро «Площадь Ильича»;55.7468677;37.6815721;12;G003
4886738267;Библиотечная улица;55.7452250;37.6789019;12;G003
2793196397;Новорогожская улица;55.7429023;37.6765805;12;G003
472373351;Малая Андроньевская улица;55.7405300;37.6743521;12;G003
1376488524;Метро «Университет»;55.6921111;37.5377142;26;G002
1376488519;Драмтеатр;55.6911502;37.5394060;26;G002
1376488523;Ленинский проспект;55.6886447;37.5437852;26;G002
1376488521;Центр здоровья детей;55.6862314;37.5479437;26;G002
1376488538;Черёмушкинский рынок;55.6842467;37.5513913;26;G002
1376488529;Улица Вавилова;55.6850675;37.5555395;26;G002
1376488760;Улица Ивана Бабушкина;55.6837857;37.5592693;26;G001
1376488528;Профсоюзная улица;55.6815307;37.5658475;26;G001
1376488526;Новочерёмушкинская улица;55.6786650;37.5741684;26;G001
1376488532;Центр детского творчества;55.6772089;37.5783688;26;G001
1376488536;Черёмушки;55.6795889;37.5843858;26;G001
1376500685;Улица Дмитрия Ульянова;55.6829072;37.5899901;26;G001
1376500650;Улица Винокурова;55.6864645;37.5938583;26;G001
1376500843;Улица Шверника;55.6885939;37.5960594;26;G001
10735066095;Загородное шоссе;55.6920783;37.6026133;26;G001
1376500701;Севастопольский проспект, 1;55.6939474;37.6075406;26;G001
1376500632;Больница имени Алексеева;55.6970517;37.6116657;26;G001
1376500706;Спортивная школа «Тринта»;55.6999147;37.6143137;26;G001
1376500694;Духовской переулок;55.7042387;37.6125254;26;G001
1376500849;3-я Рощинская улица;55.7078634;37.6106132;26;G001
1376500847;3-й Верхний Михайловский проезд;55.7087395;37.6068920;26;G001
1376510977;Серпуховский Вал;55.7124896;37.6067033;26;G001
1376510975;node/1376510975;55.7161231;37.6080883;26;G005
4370973807;node/4370973807;55.7189065;37.6091413;26;G005
1376510980;node/1376510980;55.7229183;37.6106726;26;G005
10871512070;Метро «Октябрьская»;55.7265831;37.6116597;26;G005
1376510974;Метро «Октябрьская»;55.7268934;37.6116715;26;G005
1376510981;node/1376510981;55.7226797;37.6105282;26;G005
1376510978;node/1376510978;55.7186311;37.6089853;26;G005
1376510976;Улица Лестева;55.7141415;37.6072739;26;G001
1376500848;Серпуховский Вал;55.7106575;37.6061337;26;G001
1376500850;3-я Рощинская улица;55.7083293;37.6091785;26;G001
1376500695;Духовской переулок;55.7046676;37.6120453;26;G001
1376500709;Спортивная школа «Тринта»;55.7003102;37.6145911;26;G001
1376500648;Больница имени Алексеева;55.6977119;37.6121834;26;G001
1376500704;Севастопольский проспект, 1;55.6936589;37.6066745;26;G001
1376500698;Загородное шоссе;55.6919581;37.6021874;26;G001
1376500846;Улица Шверника;55.6890945;37.5965512;26;G001
1376500684;Улица Винокурова;55.6862682;37.5935870;26;G001
1376500692;Улица Дмитрия Ульянова;55.6827554;37.5897510;26;G001
1376492012;Черёмушки;55.6801747;37.5852350;26;G001
1376488531;Центр детского творчества;55.6771724;37.5799934;26;G001
1376488525;Новочерёмушкинская улица;55.6787811;37.5739747;26;G001
1376488527;Профсоюзная улица;55.6810388;37.5674395;26;G001
1376488759;Улица Ивана Бабушкина;55.6835674;37.5600520;26;G001
1376488530;Улица Вавилова;55.6853780;37.5547537;26;G002
1376488537;Черёмушкинский рынок;55.6848546;37.5504371;26;G002
1376488520;Центр здоровья детей;55.6863576;37.5478178;26;G002
1376488522;Ленинский проспект;55.6886766;37.5438414;26;G002
1376488518;Драмтеатр;55.6909162;37.5399283;26;G002
1376495190;Метро «Университет»;55.6926426;37.5369453;26;G002
13596692006;Абельмановская Застава;55.7379807;37.6724428;12;G003
472383741;Кинотеатр «Победа»;55.7354342;37.6705882;12;G003
1377604237;Метро «Пролетарская»;55.7312027;37.6629956;12;G003
1377604239;Метро «Пролетарская»;55.7314086;37.6640683;12;G003
476918452;Кинотеатр «Победа»;55.7347509;37.6701423;12;G003
477335826;Абельмановская Застава;55.7381139;37.6726175;12;G003
943820347;Улица Живописная, 50;55.8013013;37.4502931;28;G007
943820345;Улица Рогова;55.7940982;37.4543868;28;G007
825976719;Бассейн;55.7893539;37.4541559;28;G004
943820332;Улица Маршала Тухачевского;55.7848201;37.4551867;28;G004
11126908381;Проспект Маршала Жукова;55.7802392;37.4538925;28;G004
825879399;Проспект Маршала Жукова;55.7804252;37.4549434;28;G004
944176908;Улица Маршала Тухачевского;55.7846637;37.4553494;28;G004
825953891;Бассейн;55.7888830;37.4541926;28;G004
944176922;Улица Рогова;55.7943180;37.4544357;28;G007
944176905;Улица Живописная, 50;55.8011484;37.4503483;28;G007
473133164;Метро «Сокольники»;55.7918534;37.6794659;25;G008
12464935103;Площадь Борьбы;55.7851935;37.6049313;7;G005
4291992598;Улица Палиха;55.7847403;37.6003807;"5;7";G005
4291989485;Лесная улица;55.7836325;37.5962169;"5;7";G005
6180449287;Миусское депо;55.7808230;37.5921057;"5;7";G005
1927810165;ДК Зуева;55.7789959;37.5892979;"5;7";G005
6173481393;Метро «Белорусская»;55.7770315;37.5862523;"5;7";G005
13388798145;Улица Советской Армии;55.7884668;37.6159725;5;G005
13388798143;Олимпийский проспект;55.7886959;37.6218067;5;G005
13388798139;Улица Щепкина;55.7888622;37.6280894;5;G005
13388798133;Улица Гиляровского;55.7908970;37.6334008;5;G005
12888099756;Метро «Рижская»;55.7927045;37.6340445;5;G005
316393162;МЦК Дубровка;55.7152408;37.6784707;12;G003
316393161;Метро «Дубровка»;55.7178206;37.6765102;12;G003
736521267;Новоостаповская улица;55.7204753;37.6745329;12;G003
736521262;ЦНИИТМАШ;55.7219023;37.6691258;12;G003
60672869;Шарикоподшипниковская улица;55.7236276;37.6641088;12;G003
252906073;Арбатецкая улица;55.7269009;37.6634006;12;G003
476913289;Динамовская улица;55.7300282;37.6615391;12;G003
60672864;Динамовская улица;55.7300191;37.6614748;12;G003
476913290;Арбатецкая улица;55.7268893;37.6633410;12;G003
476913291;Шарикоподшипниковская улица;55.7243300;37.6640216;12;G003
253063603;ЦНИИТМАШ;55.7219704;37.6685871;12;G003
60672874;Новоостаповская улица;55.7209155;37.6738955;12;G003
736360073;Метро «Дубровка»;55.7181284;37.6762027;12;G003
476913292;МЦК Дубровка;55.7154054;37.6782884;12;G003
13388798136;Улица Гиляровского;55.7899311;37.6325128;5;G005
13388798137;Улица Щепкина;55.7891039;37.6297698;5;G005
13388798141;Олимпийский проспект;55.7887620;37.6230618;5;G005
13388798144;Улица Советской Армии;55.7885567;37.6173386;5;G005
