zone_id;latitude;longitude;grid_latitude;grid_longitude;stop_count
G001;55.6559940;37.6053520;55.641476;37.60649;73
G002;55.6921111;37.5377142;55.711773;37.5;12
G003;55.7628491;37.6823020;55.711773;37.682926;73
G004;55.7893539;37.4541559;55.782074;37.393078;6
G005;55.7763827;37.5835607;55.782074;37.576374;71
G006;55.8197433;37.7101928;55.782074;37.759674;86
G007;55.8068443;37.4581526;55.85237;37.469387;23
G008;55.7853273;37.6758022;55.85237;37.65306;99
G009;55.7935885;37.8202296;55.85237;37.836735;2
