route,2025-01,2025-02,2025-03,2025-04,2025-05,2025-06,2025-07,2025-08,2025-09,2025-10
1,7.970486545209991,8.130632658164542,9.4866981267794,50.19662569428011,52.812274919789594,53.268243403090814,52.95649093678897,52.67940674396435,53.834365084445096,53.821221541928566
7,0.0,0.0,0.0,45.45007992346016,58.59716843446368,60.357334097107206,52.712210593715646,58.303715327847996,61.27641098518383,60.977491869686766
11,0.0,0.0,0.0,42.354808796926676,56.66554711860099,58.35380298847129,58.090212859258834,57.65719419769009,58.00237839633841,57.15407949790795
12,0.0,0.0,0.0,0.0,55.74022975799731,56.416748374071,58.096510893338106,58.57605851776283,57.73691759437125,57.32657821623308
17,0.0,0.0,0.0,4.90726253110026,54.3707039431939,55.91600421365591,56.15658832948288,46.33316131741195,43.732418524871356,43.90515101040259
25,10.301469474322072,10.024110942700101,13.158162275067237,41.3854926448724,47.25494500134143,46.725603278190924,46.775098483944134,46.679679510031384,47.42994920293078,46.95228379466172
26,0.0,0.0,0.0,15.568198199378825,56.50783376801386,57.677275134929545,58.77442568228474,51.18804699480708,40.46920376106572,39.92533401566884
28,0.0,0.0,0.0,43.68070271483889,53.79532116160848,54.78400316768957,57.21324003432538,57.16991541806587,55.93623284607281,56.62988355776569
50,0.0,0.0,0.0,50.763892092336675,62.670491310483975,63.58772112777535,43.71098346307449,54.92709739307711,63.93369869042047,61.2335213086041
