date,route,trip_instances,previous_service_day_trips,covered_seconds,has_schedule
2025-01-01,1,0,0,0,False
2025-01-01,7,0,0,0,False
2025-01-01,11,0,0,0,False
2025-01-01,12,0,0,0,False
2025-01-01,17,0,0,0,False
2025-01-01,25,0,0,0,False
2025-01-01,26,0,0,0,False
2025-01-01,28,0,0,0,False
2025-01-01,50,0,0,0,False
2025-01-02,1,0,0,0,False
2025-01-02,7,0,0,0,False
2025-01-02,11,0,0,0,False
2025-01-02,12,0,0,0,False
2025-01-02,17,0,0,0,False
2025-01-02,25,0,0,0,False
2025-01-02,26,0,0,0,False
2025-01-02,28,0,0,0,False
2025-01-02,50,0,0,0,False
2025-01-03,1,0,0,0,False
2025-01-03,7,0,0,0,False
2025-01-03,11,0,0,0,False
2025-01-03,12,0,0,0,False
2025-01-03,17,0,0,0,False
2025-01-03,25,0,0,0,False
2025-01-03,26,0,0,0,False
2025-01-03,28,0,0,0,False
2025-01-03,50,0,0,0,False
2025-01-04,1,166,0,64140,True
2025-01-04,7,0,0,0,False
2025-01-04,11,0,0,0,False
2025-01-04,12,0,0,0,False
2025-01-04,17,0,0,0,False
2025-01-04,25,163,0,64800,True
2025-01-04,26,0,0,0,False
2025-01-04,28,0,0,0,False
2025-01-04,50,0,0,0,False
2025-01-05,1,166,0,64140,True
2025-01-05,7,0,0,0,False
2025-01-05,11,0,0,0,False
2025-01-05,12,0,0,0,False
2025-01-05,17,0,0,0,False
2025-01-05,25,168,5,67800,True
2025-01-05,26,0,0,0,False
2025-01-05,28,0,0,0,False
2025-01-05,50,0,0,0,False
2025-01-06,1,0,0,0,False
2025-01-06,7,0,0,0,False
2025-01-06,11,0,0,0,False
2025-01-06,12,0,0,0,False
2025-01-06,17,0,0,0,False
2025-01-06,25,5,5,3000,True
2025-01-06,26,0,0,0,False
2025-01-06,28,0,0,0,False
2025-01-06,50,0,0,0,False
2025-01-07,1,0,0,0,False
2025-01-07,7,0,0,0,False
2025-01-07,11,0,0,0,False
2025-01-07,12,0,0,0,False
2025-01-07,17,0,0,0,False
2025-01-07,25,0,0,0,False
2025-01-07,26,0,0,0,False
2025-01-07,28,0,0,0,False
2025-01-07,50,0,0,0,False
2025-01-08,1,0,0,0,False
2025-01-08,7,0,0,0,False
2025-01-08,11,0,0,0,False
2025-01-08,12,0,0,0,False
2025-01-08,17,0,0,0,False
2025-01-08,25,0,0,0,False
2025-01-08,26,0,0,0,False
2025-01-08,28,0,0,0,False
2025-01-08,50,0,0,0,False
2025-01-09,1,0,0,0,False
2025-01-09,7,0,0,0,False
2025-01-09,11,0,0,0,False
2025-01-09,12,0,0,0,False
2025-01-09,17,0,0,0,False
2025-01-09,25,0,0,0,False
2025-01-09,26,0,0,0,False
2025-01-09,28,0,0,0,False
2025-01-09,50,0,0,0,False
2025-01-10,1,0,0,0,False
2025-01-10,7,0,0,0,False
2025-01-10,11,0,0,0,False
2025-01-10,12,0,0,0,False
2025-01-10,17,0,0,0,False
2025-01-10,25,0,0,0,False
2025-01-10,26,0,0,0,False
2025-01-10,28,0,0,0,False
2025-01-10,50,0,0,0,False
2025-01-11,1,166,0,64140,True
2025-01-11,7,0,0,0,False
2025-01-11,11,0,0,0,False
2025-01-11,12,0,0,0,False
2025-01-11,17,0,0,0,False
2025-01-11,25,163,0,64800,True
2025-01-11,26,0,0,0,False
2025-01-11,28,0,0,0,False
2025-01-11,50,0,0,0,False
2025-01-12,1,166,0,64140,True
2025-01-12,7,0,0,0,False
2025-01-12,11,0,0,0,False
2025-01-12,12,0,0,0,False
2025-01-12,17,0,0,0,False
2025-01-12,25,168,5,67800,True
2025-01-12,26,0,0,0,False
2025-01-12,28,0,0,0,False
2025-01-12,50,0,0,0,False
2025-01-13,1,0,0,0,False
2025-01-13,7,0,0,0,False
2025-01-13,11,0,0,0,False
2025-01-13,12,0,0,0,False
2025-01-13,17,0,0,0,False
2025-01-13,25,5,5,3000,True
2025-01-13,26,0,0,0,False
2025-01-13,28,0,0,0,False
2025-01-13,50,0,0,0,False
2025-01-14,1,0,0,0,False
2025-01-14,7,0,0,0,False
2025-01-14,11,0,0,0,False
2025-01-14,12,0,0,0,False
2025-01-14,17,0,0,0,False
2025-01-14,25,0,0,0,False
2025-01-14,26,0,0,0,False
2025-01-14,28,0,0,0,False
2025-01-14,50,0,0,0,False
2025-01-15,1,0,0,0,False
2025-01-15,7,0,0,0,False
2025-01-15,11,0,0,0,False
2025-01-15,12,0,0,0,False
2025-01-15,17,0,0,0,False
2025-01-15,25,0,0,0,False
2025-01-15,26,0,0,0,False
2025-01-15,28,0,0,0,False
2025-01-15,50,0,0,0,False
2025-01-16,1,0,0,0,False
2025-01-16,7,0,0,0,False
2025-01-16,11,0,0,0,False
2025-01-16,12,0,0,0,False
2025-01-16,17,0,0,0,False
2025-01-16,25,0,0,0,False
2025-01-16,26,0,0,0,False
2025-01-16,28,0,0,0,False
2025-01-16,50,0,0,0,False
2025-01-17,1,0,0,0,False
2025-01-17,7,0,0,0,False
2025-01-17,11,0,0,0,False
2025-01-17,12,0,0,0,False
2025-01-17,17,0,0,0,False
2025-01-17,25,0,0,0,False
2025-01-17,26,0,0,0,False
2025-01-17,28,0,0,0,False
2025-01-17,50,0,0,0,False
2025-01-18,1,166,0,64140,True
2025-01-18,7,0,0,0,False
2025-01-18,11,0,0,0,False
2025-01-18,12,0,0,0,False
2025-01-18,17,0,0,0,False
2025-01-18,25,163,0,64800,True
2025-01-18,26,0,0,0,False
2025-01-18,28,0,0,0,False
2025-01-18,50,0,0,0,False
2025-01-19,1,166,0,64140,True
2025-01-19,7,0,0,0,False
2025-01-19,11,0,0,0,False
2025-01-19,12,0,0,0,False
2025-01-19,17,0,0,0,False
2025-01-19,25,168,5,67800,True
2025-01-19,26,0,0,0,False
2025-01-19,28,0,0,0,False
2025-01-19,50,0,0,0,False
2025-01-20,1,0,0,0,False
2025-01-20,7,0,0,0,False
2025-01-20,11,0,0,0,False
2025-01-20,12,0,0,0,False
2025-01-20,17,0,0,0,False
2025-01-20,25,5,5,3000,True
2025-01-20,26,0,0,0,False
2025-01-20,28,0,0,0,False
2025-01-20,50,0,0,0,False
2025-01-21,1,0,0,0,False
2025-01-21,7,0,0,0,False
2025-01-21,11,0,0,0,False
2025-01-21,12,0,0,0,False
2025-01-21,17,0,0,0,False
2025-01-21,25,0,0,0,False
2025-01-21,26,0,0,0,False
2025-01-21,28,0,0,0,False
2025-01-21,50,0,0,0,False
2025-01-22,1,0,0,0,False
2025-01-22,7,0,0,0,False
2025-01-22,11,0,0,0,False
2025-01-22,12,0,0,0,False
2025-01-22,17,0,0,0,False
2025-01-22,25,0,0,0,False
2025-01-22,26,0,0,0,False
2025-01-22,28,0,0,0,False
2025-01-22,50,0,0,0,False
2025-01-23,1,0,0,0,False
2025-01-23,7,0,0,0,False
2025-01-23,11,0,0,0,False
2025-01-23,12,0,0,0,False
2025-01-23,17,0,0,0,False
2025-01-23,25,0,0,0,False
2025-01-23,26,0,0,0,False
2025-01-23,28,0,0,0,False
2025-01-23,50,0,0,0,False
2025-01-24,1,0,0,0,False
2025-01-24,7,0,0,0,False
2025-01-24,11,0,0,0,False
2025-01-24,12,0,0,0,False
2025-01-24,17,0,0,0,False
2025-01-24,25,0,0,0,False
2025-01-24,26,0,0,0,False
2025-01-24,28,0,0,0,False
2025-01-24,50,0,0,0,False
2025-01-25,1,166,0,64140,True
2025-01-25,7,0,0,0,False
2025-01-25,11,0,0,0,False
2025-01-25,12,0,0,0,False
2025-01-25,17,0,0,0,False
2025-01-25,25,163,0,64800,True
2025-01-25,26,0,0,0,False
2025-01-25,28,0,0,0,False
2025-01-25,50,0,0,0,False
2025-01-26,1,166,0,64140,True
2025-01-26,7,0,0,0,False
2025-01-26,11,0,0,0,False
2025-01-26,12,0,0,0,False
2025-01-26,17,0,0,0,False
2025-01-26,25,168,5,67800,True
2025-01-26,26,0,0,0,False
2025-01-26,28,0,0,0,False
2025-01-26,50,0,0,0,False
2025-01-27,1,0,0,0,False
2025-01-27,7,0,0,0,False
2025-01-27,11,0,0,0,False
2025-01-27,12,0,0,0,False
2025-01-27,17,0,0,0,False
2025-01-27,25,5,5,3000,True
2025-01-27,26,0,0,0,False
2025-01-27,28,0,0,0,False
2025-01-27,50,0,0,0,False
2025-01-28,1,0,0,0,False
2025-01-28,7,0,0,0,False
2025-01-28,11,0,0,0,False
2025-01-28,12,0,0,0,False
2025-01-28,17,0,0,0,False
2025-01-28,25,0,0,0,False
2025-01-28,26,0,0,0,False
2025-01-28,28,0,0,0,False
2025-01-28,50,0,0,0,False
2025-01-29,1,0,0,0,False
2025-01-29,7,0,0,0,False
2025-01-29,11,0,0,0,False
2025-01-29,12,0,0,0,False
2025-01-29,17,0,0,0,False
2025-01-29,25,0,0,0,False
2025-01-29,26,0,0,0,False
2025-01-29,28,0,0,0,False
2025-01-29,50,0,0,0,False
2025-01-30,1,0,0,0,False
2025-01-30,7,0,0,0,False
2025-01-30,11,0,0,0,False
2025-01-30,12,0,0,0,False
2025-01-30,17,0,0,0,False
2025-01-30,25,0,0,0,False
2025-01-30,26,0,0,0,False
2025-01-30,28,0,0,0,False
2025-01-30,50,0,0,0,False
2025-01-31,1,0,0,0,False
2025-01-31,7,0,0,0,False
2025-01-31,11,0,0,0,False
2025-01-31,12,0,0,0,False
2025-01-31,17,0,0,0,False
2025-01-31,25,0,0,0,False
2025-01-31,26,0,0,0,False
2025-01-31,28,0,0,0,False
2025-01-31,50,0,0,0,False
2025-02-01,1,166,0,64140,True
2025-02-01,7,0,0,0,False
2025-02-01,11,0,0,0,False
2025-02-01,12,0,0,0,False
2025-02-01,17,0,0,0,False
2025-02-01,25,163,0,64800,True
2025-02-01,26,0,0,0,False
2025-02-01,28,0,0,0,False
2025-02-01,50,0,0,0,False
2025-02-02,1,166,0,64140,True
2025-02-02,7,0,0,0,False
2025-02-02,11,0,0,0,False
2025-02-02,12,0,0,0,False
2025-02-02,17,0,0,0,False
2025-02-02,25,168,5,67800,True
2025-02-02,26,0,0,0,False
2025-02-02,28,0,0,0,False
2025-02-02,50,0,0,0,False
2025-02-03,1,0,0,0,False
2025-02-03,7,0,0,0,False
2025-02-03,11,0,0,0,False
2025-02-03,12,0,0,0,False
2025-02-03,17,0,0,0,False
2025-02-03,25,5,5,3000,True
2025-02-03,26,0,0,0,False
2025-02-03,28,0,0,0,False
2025-02-03,50,0,0,0,False
2025-02-04,1,0,0,0,False
2025-02-04,7,0,0,0,False
2025-02-04,11,0,0,0,False
2025-02-04,12,0,0,0,False
2025-02-04,17,0,0,0,False
2025-02-04,25,0,0,0,False
2025-02-04,26,0,0,0,False
2025-02-04,28,0,0,0,False
2025-02-04,50,0,0,0,False
2025-02-05,1,0,0,0,False
2025-02-05,7,0,0,0,False
2025-02-05,11,0,0,0,False
2025-02-05,12,0,0,0,False
2025-02-05,17,0,0,0,False
2025-02-05,25,0,0,0,False
2025-02-05,26,0,0,0,False
2025-02-05,28,0,0,0,False
2025-02-05,50,0,0,0,False
2025-02-06,1,0,0,0,False
2025-02-06,7,0,0,0,False
2025-02-06,11,0,0,0,False
2025-02-06,12,0,0,0,False
2025-02-06,17,0,0,0,False
2025-02-06,25,0,0,0,False
2025-02-06,26,0,0,0,False
2025-02-06,28,0,0,0,False
2025-02-06,50,0,0,0,False
2025-02-07,1,0,0,0,False
2025-02-07,7,0,0,0,False
2025-02-07,11,0,0,0,False
2025-02-07,12,0,0,0,False
2025-02-07,17,0,0,0,False
2025-02-07,25,0,0,0,False
2025-02-07,26,0,0,0,False
2025-02-07,28,0,0,0,False
2025-02-07,50,0,0,0,False
2025-02-08,1,166,0,64140,True
2025-02-08,7,0,0,0,False
2025-02-08,11,0,0,0,False
2025-02-08,12,0,0,0,False
2025-02-08,17,0,0,0,False
2025-02-08,25,163,0,64800,True
2025-02-08,26,0,0,0,False
2025-02-08,28,0,0,0,False
2025-02-08,50,0,0,0,False
2025-02-09,1,166,0,64140,True
2025-02-09,7,0,0,0,False
2025-02-09,11,0,0,0,False
2025-02-09,12,0,0,0,False
2025-02-09,17,0,0,0,False
2025-02-09,25,168,5,67800,True
2025-02-09,26,0,0,0,False
2025-02-09,28,0,0,0,False
2025-02-09,50,0,0,0,False
2025-02-10,1,0,0,0,False
2025-02-10,7,0,0,0,False
2025-02-10,11,0,0,0,False
2025-02-10,12,0,0,0,False
2025-02-10,17,0,0,0,False
2025-02-10,25,5,5,3000,True
2025-02-10,26,0,0,0,False
2025-02-10,28,0,0,0,False
2025-02-10,50,0,0,0,False
2025-02-11,1,0,0,0,False
2025-02-11,7,0,0,0,False
2025-02-11,11,0,0,0,False
2025-02-11,12,0,0,0,False
2025-02-11,17,0,0,0,False
2025-02-11,25,0,0,0,False
2025-02-11,26,0,0,0,False
2025-02-11,28,0,0,0,False
2025-02-11,50,0,0,0,False
2025-02-12,1,0,0,0,False
2025-02-12,7,0,0,0,False
2025-02-12,11,0,0,0,False
2025-02-12,12,0,0,0,False
2025-02-12,17,0,0,0,False
2025-02-12,25,0,0,0,False
2025-02-12,26,0,0,0,False
2025-02-12,28,0,0,0,False
2025-02-12,50,0,0,0,False
2025-02-13,1,0,0,0,False
2025-02-13,7,0,0,0,False
2025-02-13,11,0,0,0,False
2025-02-13,12,0,0,0,False
2025-02-13,17,0,0,0,False
2025-02-13,25,0,0,0,False
2025-02-13,26,0,0,0,False
2025-02-13,28,0,0,0,False
2025-02-13,50,0,0,0,False
2025-02-14,1,0,0,0,False
2025-02-14,7,0,0,0,False
2025-02-14,11,0,0,0,False
2025-02-14,12,0,0,0,False
2025-02-14,17,0,0,0,False
2025-02-14,25,0,0,0,False
2025-02-14,26,0,0,0,False
2025-02-14,28,0,0,0,False
2025-02-14,50,0,0,0,False
2025-02-15,1,166,0,64140,True
2025-02-15,7,0,0,0,False
2025-02-15,11,0,0,0,False
2025-02-15,12,0,0,0,False
2025-02-15,17,0,0,0,False
2025-02-15,25,163,0,64800,True
2025-02-15,26,0,0,0,False
2025-02-15,28,0,0,0,False
2025-02-15,50,0,0,0,False
2025-02-16,1,166,0,64140,True
2025-02-16,7,0,0,0,False
2025-02-16,11,0,0,0,False
2025-02-16,12,0,0,0,False
2025-02-16,17,0,0,0,False
2025-02-16,25,168,5,67800,True
2025-02-16,26,0,0,0,False
2025-02-16,28,0,0,0,False
2025-02-16,50,0,0,0,False
2025-02-17,1,0,0,0,False
2025-02-17,7,0,0,0,False
2025-02-17,11,0,0,0,False
2025-02-17,12,0,0,0,False
2025-02-17,17,0,0,0,False
2025-02-17,25,5,5,3000,True
2025-02-17,26,0,0,0,False
2025-02-17,28,0,0,0,False
2025-02-17,50,0,0,0,False
2025-02-18,1,0,0,0,False
2025-02-18,7,0,0,0,False
2025-02-18,11,0,0,0,False
2025-02-18,12,0,0,0,False
2025-02-18,17,0,0,0,False
2025-02-18,25,0,0,0,False
2025-02-18,26,0,0,0,False
2025-02-18,28,0,0,0,False
2025-02-18,50,0,0,0,False
2025-02-19,1,0,0,0,False
2025-02-19,7,0,0,0,False
2025-02-19,11,0,0,0,False
2025-02-19,12,0,0,0,False
2025-02-19,17,0,0,0,False
2025-02-19,25,0,0,0,False
2025-02-19,26,0,0,0,False
2025-02-19,28,0,0,0,False
2025-02-19,50,0,0,0,False
2025-02-20,1,0,0,0,False
2025-02-20,7,0,0,0,False
2025-02-20,11,0,0,0,False
2025-02-20,12,0,0,0,False
2025-02-20,17,0,0,0,False
2025-02-20,25,0,0,0,False
2025-02-20,26,0,0,0,False
2025-02-20,28,0,0,0,False
2025-02-20,50,0,0,0,False
2025-02-21,1,0,0,0,False
2025-02-21,7,0,0,0,False
2025-02-21,11,0,0,0,False
2025-02-21,12,0,0,0,False
2025-02-21,17,0,0,0,False
2025-02-21,25,0,0,0,False
2025-02-21,26,0,0,0,False
2025-02-21,28,0,0,0,False
2025-02-21,50,0,0,0,False
2025-02-22,1,166,0,64140,True
2025-02-22,7,0,0,0,False
2025-02-22,11,0,0,0,False
2025-02-22,12,0,0,0,False
2025-02-22,17,0,0,0,False
2025-02-22,25,163,0,64800,True
2025-02-22,26,0,0,0,False
2025-02-22,28,0,0,0,False
2025-02-22,50,0,0,0,False
2025-02-23,1,166,0,64140,True
2025-02-23,7,0,0,0,False
2025-02-23,11,0,0,0,False
2025-02-23,12,0,0,0,False
2025-02-23,17,0,0,0,False
2025-02-23,25,168,5,67800,True
2025-02-23,26,0,0,0,False
2025-02-23,28,0,0,0,False
2025-02-23,50,0,0,0,False
2025-02-24,1,0,0,0,False
2025-02-24,7,0,0,0,False
2025-02-24,11,0,0,0,False
2025-02-24,12,0,0,0,False
2025-02-24,17,0,0,0,False
2025-02-24,25,5,5,3000,True
2025-02-24,26,0,0,0,False
2025-02-24,28,0,0,0,False
2025-02-24,50,0,0,0,False
2025-02-25,1,0,0,0,False
2025-02-25,7,0,0,0,False
2025-02-25,11,0,0,0,False
2025-02-25,12,0,0,0,False
2025-02-25,17,0,0,0,False
2025-02-25,25,0,0,0,False
2025-02-25,26,0,0,0,False
2025-02-25,28,0,0,0,False
2025-02-25,50,0,0,0,False
2025-02-26,1,0,0,0,False
2025-02-26,7,0,0,0,False
2025-02-26,11,0,0,0,False
2025-02-26,12,0,0,0,False
2025-02-26,17,0,0,0,False
2025-02-26,25,0,0,0,False
2025-02-26,26,0,0,0,False
2025-02-26,28,0,0,0,False
2025-02-26,50,0,0,0,False
2025-02-27,1,0,0,0,False
2025-02-27,7,0,0,0,False
2025-02-27,11,0,0,0,False
2025-02-27,12,0,0,0,False
2025-02-27,17,0,0,0,False
2025-02-27,25,0,0,0,False
2025-02-27,26,0,0,0,False
2025-02-27,28,0,0,0,False
2025-02-27,50,0,0,0,False
2025-02-28,1,0,0,0,False
2025-02-28,7,0,0,0,False
2025-02-28,11,0,0,0,False
2025-02-28,12,0,0,0,False
2025-02-28,17,0,0,0,False
2025-02-28,25,0,0,0,False
2025-02-28,26,0,0,0,False
2025-02-28,28,0,0,0,False
2025-02-28,50,0,0,0,False
2025-03-01,1,166,0,64140,True
2025-03-01,7,0,0,0,False
2025-03-01,11,0,0,0,False
2025-03-01,12,0,0,0,False
2025-03-01,17,0,0,0,False
2025-03-01,25,163,0,64800,True
2025-03-01,26,0,0,0,False
2025-03-01,28,0,0,0,False
2025-03-01,50,0,0,0,False
2025-03-02,1,166,0,64140,True
2025-03-02,7,0,0,0,False
2025-03-02,11,0,0,0,False
2025-03-02,12,0,0,0,False
2025-03-02,17,0,0,0,False
2025-03-02,25,168,5,67800,True
2025-03-02,26,0,0,0,False
2025-03-02,28,0,0,0,False
2025-03-02,50,0,0,0,False
2025-03-03,1,0,0,0,False
2025-03-03,7,0,0,0,False
2025-03-03,11,0,0,0,False
2025-03-03,12,0,0,0,False
2025-03-03,17,0,0,0,False
2025-03-03,25,5,5,3000,True
2025-03-03,26,0,0,0,False
2025-03-03,28,0,0,0,False
2025-03-03,50,0,0,0,False
2025-03-04,1,0,0,0,False
2025-03-04,7,0,0,0,False
2025-03-04,11,0,0,0,False
2025-03-04,12,0,0,0,False
2025-03-04,17,0,0,0,False
2025-03-04,25,0,0,0,False
2025-03-04,26,0,0,0,False
2025-03-04,28,0,0,0,False
2025-03-04,50,0,0,0,False
2025-03-05,1,0,0,0,False
2025-03-05,7,0,0,0,False
2025-03-05,11,0,0,0,False
2025-03-05,12,0,0,0,False
2025-03-05,17,0,0,0,False
2025-03-05,25,0,0,0,False
2025-03-05,26,0,0,0,False
2025-03-05,28,0,0,0,False
2025-03-05,50,0,0,0,False
2025-03-06,1,0,0,0,False
2025-03-06,7,0,0,0,False
2025-03-06,11,0,0,0,False
2025-03-06,12,0,0,0,False
2025-03-06,17,0,0,0,False
2025-03-06,25,0,0,0,False
2025-03-06,26,0,0,0,False
2025-03-06,28,0,0,0,False
2025-03-06,50,0,0,0,False
2025-03-07,1,0,0,0,False
2025-03-07,7,0,0,0,False
2025-03-07,11,0,0,0,False
2025-03-07,12,0,0,0,False
2025-03-07,17,0,0,0,False
2025-03-07,25,0,0,0,False
2025-03-07,26,0,0,0,False
2025-03-07,28,0,0,0,False
2025-03-07,50,0,0,0,False
2025-03-08,1,166,0,64140,True
2025-03-08,7,0,0,0,False
2025-03-08,11,0,0,0,False
2025-03-08,12,0,0,0,False
2025-03-08,17,0,0,0,False
2025-03-08,25,163,0,64800,True
2025-03-08,26,0,0,0,False
2025-03-08,28,0,0,0,False
2025-03-08,50,0,0,0,False
2025-03-09,1,166,0,64140,True
2025-03-09,7,0,0,0,False
2025-03-09,11,0,0,0,False
2025-03-09,12,0,0,0,False
2025-03-09,17,0,0,0,False
2025-03-09,25,168,5,67800,True
2025-03-09,26,0,0,0,False
2025-03-09,28,0,0,0,False
2025-03-09,50,0,0,0,False
2025-03-10,1,0,0,0,False
2025-03-10,7,0,0,0,False
2025-03-10,11,0,0,0,False
2025-03-10,12,0,0,0,False
2025-03-10,17,0,0,0,False
2025-03-10,25,5,5,3000,True
2025-03-10,26,0,0,0,False
2025-03-10,28,0,0,0,False
2025-03-10,50,0,0,0,False
2025-03-11,1,0,0,0,False
2025-03-11,7,0,0,0,False
2025-03-11,11,0,0,0,False
2025-03-11,12,0,0,0,False
2025-03-11,17,0,0,0,False
2025-03-11,25,0,0,0,False
2025-03-11,26,0,0,0,False
2025-03-11,28,0,0,0,False
2025-03-11,50,0,0,0,False
2025-03-12,1,0,0,0,False
2025-03-12,7,0,0,0,False
2025-03-12,11,0,0,0,False
2025-03-12,12,0,0,0,False
2025-03-12,17,0,0,0,False
2025-03-12,25,0,0,0,False
2025-03-12,26,0,0,0,False
2025-03-12,28,0,0,0,False
2025-03-12,50,0,0,0,False
2025-03-13,1,0,0,0,False
2025-03-13,7,0,0,0,False
2025-03-13,11,0,0,0,False
2025-03-13,12,0,0,0,False
2025-03-13,17,0,0,0,False
2025-03-13,25,0,0,0,False
2025-03-13,26,0,0,0,False
2025-03-13,28,0,0,0,False
2025-03-13,50,0,0,0,False
2025-03-14,1,0,0,0,False
2025-03-14,7,0,0,0,False
2025-03-14,11,0,0,0,False
2025-03-14,12,0,0,0,False
2025-03-14,17,0,0,0,False
2025-03-14,25,0,0,0,False
2025-03-14,26,0,0,0,False
2025-03-14,28,0,0,0,False
2025-03-14,50,0,0,0,False
2025-03-15,1,166,0,64140,True
2025-03-15,7,0,0,0,False
2025-03-15,11,0,0,0,False
2025-03-15,12,0,0,0,False
2025-03-15,17,0,0,0,False
2025-03-15,25,163,0,64800,True
2025-03-15,26,0,0,0,False
2025-03-15,28,0,0,0,False
2025-03-15,50,0,0,0,False
2025-03-16,1,166,0,64140,True
2025-03-16,7,0,0,0,False
2025-03-16,11,0,0,0,False
2025-03-16,12,0,0,0,False
2025-03-16,17,0,0,0,False
2025-03-16,25,168,5,67800,True
2025-03-16,26,0,0,0,False
2025-03-16,28,0,0,0,False
2025-03-16,50,0,0,0,False
2025-03-17,1,0,0,0,False
2025-03-17,7,0,0,0,False
2025-03-17,11,0,0,0,False
2025-03-17,12,0,0,0,False
2025-03-17,17,0,0,0,False
2025-03-17,25,5,5,3000,True
2025-03-17,26,0,0,0,False
2025-03-17,28,0,0,0,False
2025-03-17,50,0,0,0,False
2025-03-18,1,0,0,0,False
2025-03-18,7,0,0,0,False
2025-03-18,11,0,0,0,False
2025-03-18,12,0,0,0,False
2025-03-18,17,0,0,0,False
2025-03-18,25,0,0,0,False
2025-03-18,26,0,0,0,False
2025-03-18,28,0,0,0,False
2025-03-18,50,0,0,0,False
2025-03-19,1,0,0,0,False
2025-03-19,7,0,0,0,False
2025-03-19,11,0,0,0,False
2025-03-19,12,0,0,0,False
2025-03-19,17,0,0,0,False
2025-03-19,25,0,0,0,False
2025-03-19,26,0,0,0,False
2025-03-19,28,0,0,0,False
2025-03-19,50,0,0,0,False
2025-03-20,1,0,0,0,False
2025-03-20,7,0,0,0,False
2025-03-20,11,0,0,0,False
2025-03-20,12,0,0,0,False
2025-03-20,17,0,0,0,False
2025-03-20,25,0,0,0,False
2025-03-20,26,0,0,0,False
2025-03-20,28,0,0,0,False
2025-03-20,50,0,0,0,False
2025-03-21,1,0,0,0,False
2025-03-21,7,0,0,0,False
2025-03-21,11,0,0,0,False
2025-03-21,12,0,0,0,False
2025-03-21,17,0,0,0,False
2025-03-21,25,0,0,0,False
2025-03-21,26,0,0,0,False
2025-03-21,28,0,0,0,False
2025-03-21,50,0,0,0,False
2025-03-22,1,166,0,64140,True
2025-03-22,7,0,0,0,False
2025-03-22,11,0,0,0,False
2025-03-22,12,0,0,0,False
2025-03-22,17,0,0,0,False
2025-03-22,25,163,0,64800,True
2025-03-22,26,0,0,0,False
2025-03-22,28,0,0,0,False
2025-03-22,50,0,0,0,False
2025-03-23,1,166,0,64140,True
2025-03-23,7,0,0,0,False
2025-03-23,11,0,0,0,False
2025-03-23,12,0,0,0,False
2025-03-23,17,0,0,0,False
2025-03-23,25,168,5,67800,True
2025-03-23,26,0,0,0,False
2025-03-23,28,0,0,0,False
2025-03-23,50,0,0,0,False
2025-03-24,1,0,0,0,False
2025-03-24,7,0,0,0,False
2025-03-24,11,0,0,0,False
2025-03-24,12,0,0,0,False
2025-03-24,17,0,0,0,False
2025-03-24,25,5,5,3000,True
2025-03-24,26,0,0,0,False
2025-03-24,28,0,0,0,False
2025-03-24,50,0,0,0,False
2025-03-25,1,0,0,0,False
2025-03-25,7,0,0,0,False
2025-03-25,11,0,0,0,False
2025-03-25,12,0,0,0,False
2025-03-25,17,0,0,0,False
2025-03-25,25,0,0,0,False
2025-03-25,26,0,0,0,False
2025-03-25,28,0,0,0,False
2025-03-25,50,0,0,0,False
2025-03-26,1,0,0,0,False
2025-03-26,7,0,0,0,False
2025-03-26,11,0,0,0,False
2025-03-26,12,0,0,0,False
2025-03-26,17,0,0,0,False
2025-03-26,25,0,0,0,False
2025-03-26,26,0,0,0,False
2025-03-26,28,0,0,0,False
2025-03-26,50,0,0,0,False
2025-03-27,1,0,0,0,False
2025-03-27,7,0,0,0,False
2025-03-27,11,0,0,0,False
2025-03-27,12,0,0,0,False
2025-03-27,17,0,0,0,False
2025-03-27,25,0,0,0,False
2025-03-27,26,0,0,0,False
2025-03-27,28,0,0,0,False
2025-03-27,50,0,0,0,False
2025-03-28,1,0,0,0,False
2025-03-28,7,0,0,0,False
2025-03-28,11,0,0,0,False
2025-03-28,12,0,0,0,False
2025-03-28,17,0,0,0,False
2025-03-28,25,0,0,0,False
2025-03-28,26,0,0,0,False
2025-03-28,28,0,0,0,False
2025-03-28,50,0,0,0,False
2025-03-29,1,166,0,64140,True
2025-03-29,7,0,0,0,False
2025-03-29,11,0,0,0,False
2025-03-29,12,0,0,0,False
2025-03-29,17,0,0,0,False
2025-03-29,25,163,0,64800,True
2025-03-29,26,0,0,0,False
2025-03-29,28,0,0,0,False
2025-03-29,50,0,0,0,False
2025-03-30,1,166,0,64140,True
2025-03-30,7,0,0,0,False
2025-03-30,11,0,0,0,False
2025-03-30,12,0,0,0,False
2025-03-30,17,0,0,0,False
2025-03-30,25,168,5,67800,True
2025-03-30,26,0,0,0,False
2025-03-30,28,0,0,0,False
2025-03-30,50,0,0,0,False
2025-03-31,1,0,0,0,False
2025-03-31,7,0,0,0,False
2025-03-31,11,0,0,0,False
2025-03-31,12,0,0,0,False
2025-03-31,17,0,0,0,False
2025-03-31,25,5,5,3000,True
2025-03-31,26,0,0,0,False
2025-03-31,28,0,0,0,False
2025-03-31,50,0,0,0,False
2025-04-01,1,314,0,65460,True
2025-04-01,7,0,0,0,False
2025-04-01,11,0,0,0,False
2025-04-01,12,0,0,0,False
2025-04-01,17,0,0,0,False
2025-04-01,25,0,0,0,False
2025-04-01,26,0,0,0,False
2025-04-01,28,200,0,65220,True
2025-04-01,50,0,0,0,False
2025-04-02,1,314,0,65460,True
2025-04-02,7,0,0,0,False
2025-04-02,11,0,0,0,False
2025-04-02,12,0,0,0,False
2025-04-02,17,0,0,0,False
2025-04-02,25,0,0,0,False
2025-04-02,26,0,0,0,False
2025-04-02,28,200,0,65220,True
2025-04-02,50,0,0,0,False
2025-04-03,1,314,0,65460,True
2025-04-03,7,211,0,68400,True
2025-04-03,11,230,0,66600,True
2025-04-03,12,0,0,0,False
2025-04-03,17,0,0,0,False
2025-04-03,25,179,0,61200,True
2025-04-03,26,0,0,0,False
2025-04-03,28,200,0,65220,True
2025-04-03,50,191,0,66720,True
2025-04-04,1,314,0,65460,True
2025-04-04,7,224,13,74520,True
2025-04-04,11,237,7,69600,True
2025-04-04,12,0,0,0,False
2025-04-04,17,0,0,0,False
2025-04-04,25,179,0,61200,True
2025-04-04,26,0,0,0,False
2025-04-04,28,200,0,65220,True
2025-04-04,50,199,8,70500,True
2025-04-05,1,166,0,64140,True
2025-04-05,7,13,13,6120,True
2025-04-05,11,7,7,3000,True
2025-04-05,12,0,0,0,False
2025-04-05,17,0,0,0,False
2025-04-05,25,163,0,64800,True
2025-04-05,26,0,0,0,False
2025-04-05,28,0,0,0,False
2025-04-05,50,8,8,3780,True
2025-04-06,1,166,0,64140,True
2025-04-06,7,0,0,0,False
2025-04-06,11,0,0,0,False
2025-04-06,12,0,0,0,False
2025-04-06,17,0,0,0,False
2025-04-06,25,168,5,67800,True
2025-04-06,26,0,0,0,False
2025-04-06,28,0,0,0,False
2025-04-06,50,0,0,0,False
2025-04-07,1,314,0,65460,True
2025-04-07,7,211,0,68400,True
2025-04-07,11,230,0,66600,True
2025-04-07,12,0,0,0,False
2025-04-07,17,0,0,0,False
2025-04-07,25,184,5,64200,True
2025-04-07,26,0,0,0,False
2025-04-07,28,200,0,65220,True
2025-04-07,50,191,0,66720,True
2025-04-08,1,314,0,65460,True
2025-04-08,7,224,13,74520,True
2025-04-08,11,237,7,69600,True
2025-04-08,12,0,0,0,False
2025-04-08,17,0,0,0,False
2025-04-08,25,179,0,61200,True
2025-04-08,26,0,0,0,False
2025-04-08,28,200,0,65220,True
2025-04-08,50,199,8,70500,True
2025-04-09,1,314,0,65460,True
2025-04-09,7,224,13,74520,True
2025-04-09,11,237,7,69600,True
2025-04-09,12,0,0,0,False
2025-04-09,17,0,0,0,False
2025-04-09,25,179,0,61200,True
2025-04-09,26,0,0,0,False
2025-04-09,28,200,0,65220,True
2025-04-09,50,199,8,70500,True
2025-04-10,1,314,0,65460,True
2025-04-10,7,224,13,74520,True
2025-04-10,11,237,7,69600,True
2025-04-10,12,0,0,0,False
2025-04-10,17,0,0,0,False
2025-04-10,25,179,0,61200,True
2025-04-10,26,0,0,0,False
2025-04-10,28,200,0,65220,True
2025-04-10,50,199,8,70500,True
2025-04-11,1,314,0,65460,True
2025-04-11,7,224,13,74520,True
2025-04-11,11,237,7,69600,True
2025-04-11,12,0,0,0,False
2025-04-11,17,0,0,0,False
2025-04-11,25,179,0,61200,True
2025-04-11,26,0,0,0,False
2025-04-11,28,200,0,65220,True
2025-04-11,50,199,8,70500,True
2025-04-12,1,166,0,64140,True
2025-04-12,7,13,13,6120,True
2025-04-12,11,7,7,3000,True
2025-04-12,12,0,0,0,False
2025-04-12,17,0,0,0,False
2025-04-12,25,163,0,64800,True
2025-04-12,26,0,0,0,False
2025-04-12,28,0,0,0,False
2025-04-12,50,8,8,3780,True
2025-04-13,1,166,0,64140,True
2025-04-13,7,0,0,0,False
2025-04-13,11,0,0,0,False
2025-04-13,12,0,0,0,False
2025-04-13,17,0,0,0,False
2025-04-13,25,168,5,67800,True
2025-04-13,26,0,0,0,False
2025-04-13,28,0,0,0,False
2025-04-13,50,0,0,0,False
2025-04-14,1,314,0,65460,True
2025-04-14,7,211,0,68400,True
2025-04-14,11,230,0,66600,True
2025-04-14,12,0,0,0,False
2025-04-14,17,0,0,0,False
2025-04-14,25,184,5,64200,True
2025-04-14,26,0,0,0,False
2025-04-14,28,200,0,65220,True
2025-04-14,50,191,0,66720,True
2025-04-15,1,314,0,65460,True
2025-04-15,7,224,13,74520,True
2025-04-15,11,237,7,69600,True
2025-04-15,12,0,0,0,False
2025-04-15,17,0,0,0,False
2025-04-15,25,179,0,61200,True
2025-04-15,26,0,0,0,False
2025-04-15,28,200,0,65220,True
2025-04-15,50,199,8,70500,True
2025-04-16,1,314,0,65460,True
2025-04-16,7,224,13,74520,True
2025-04-16,11,237,7,69600,True
2025-04-16,12,0,0,0,False
2025-04-16,17,0,0,0,False
2025-04-16,25,179,0,61200,True
2025-04-16,26,0,0,0,False
2025-04-16,28,200,0,65220,True
2025-04-16,50,199,8,70500,True
2025-04-17,1,314,0,65460,True
2025-04-17,7,224,13,74520,True
2025-04-17,11,237,7,69600,True
2025-04-17,12,0,0,0,False
2025-04-17,17,0,0,0,False
2025-04-17,25,179,0,61200,True
2025-04-17,26,0,0,0,False
2025-04-17,28,200,0,65220,True
2025-04-17,50,199,8,70500,True
2025-04-18,1,314,0,65460,True
2025-04-18,7,224,13,74520,True
2025-04-18,11,237,7,69600,True
2025-04-18,12,0,0,0,False
2025-04-18,17,0,0,0,False
2025-04-18,25,179,0,61200,True
2025-04-18,26,0,0,0,False
2025-04-18,28,200,0,65220,True
2025-04-18,50,199,8,70500,True
2025-04-19,1,166,0,64140,True
2025-04-19,7,13,13,6120,True
2025-04-19,11,7,7,3000,True
2025-04-19,12,0,0,0,False
2025-04-19,17,0,0,0,False
2025-04-19,25,163,0,64800,True
2025-04-19,26,0,0,0,False
2025-04-19,28,0,0,0,False
2025-04-19,50,8,8,3780,True
2025-04-20,1,166,0,64140,True
2025-04-20,7,194,0,67560,True
2025-04-20,11,0,0,0,False
2025-04-20,12,0,0,0,False
2025-04-20,17,0,0,0,False
2025-04-20,25,168,5,67800,True
2025-04-20,26,0,0,0,False
2025-04-20,28,0,0,0,False
2025-04-20,50,185,0,66840,True
2025-04-21,1,314,0,65460,True
2025-04-21,7,221,10,73980,True
2025-04-21,11,230,0,66600,True
2025-04-21,12,0,0,0,False
2025-04-21,17,0,0,0,False
2025-04-21,25,184,5,64200,True
2025-04-21,26,0,0,0,False
2025-04-21,28,200,0,65220,True
2025-04-21,50,198,7,71460,True
2025-04-22,1,314,0,65460,True
2025-04-22,7,224,13,74520,True
2025-04-22,11,237,7,69600,True
2025-04-22,12,0,0,0,False
2025-04-22,17,0,0,0,False
2025-04-22,25,179,0,61200,True
2025-04-22,26,231,0,67920,True
2025-04-22,28,200,0,65220,True
2025-04-22,50,199,8,70500,True
2025-04-23,1,314,0,65460,True
2025-04-23,7,224,13,74520,True
2025-04-23,11,237,7,69600,True
2025-04-23,12,0,0,0,False
2025-04-23,17,0,0,0,False
2025-04-23,25,179,0,61200,True
2025-04-23,26,238,7,71160,True
2025-04-23,28,200,0,65220,True
2025-04-23,50,199,8,70500,True
2025-04-24,1,314,0,65460,True
2025-04-24,7,224,13,74520,True
2025-04-24,11,237,7,69600,True
2025-04-24,12,0,0,0,False
2025-04-24,17,0,0,0,False
2025-04-24,25,179,0,61200,True
2025-04-24,26,238,7,71160,True
2025-04-24,28,200,0,65220,True
2025-04-24,50,199,8,70500,True
2025-04-25,1,314,0,65460,True
2025-04-25,7,224,13,74520,True
2025-04-25,11,237,7,69600,True
2025-04-25,12,0,0,0,False
2025-04-25,17,0,0,0,False
2025-04-25,25,179,0,61200,True
2025-04-25,26,238,7,71160,True
2025-04-25,28,200,0,65220,True
2025-04-25,50,199,8,70500,True
2025-04-26,1,166,0,64140,True
2025-04-26,7,207,13,73680,True
2025-04-26,11,7,7,3000,True
2025-04-26,12,0,0,0,False
2025-04-26,17,0,0,0,False
2025-04-26,25,163,0,64800,True
2025-04-26,26,229,7,72000,True
2025-04-26,28,0,0,0,False
2025-04-26,50,193,8,70620,True
2025-04-27,1,166,0,64140,True
2025-04-27,7,204,10,73140,True
2025-04-27,11,0,0,0,False
2025-04-27,12,0,0,0,False
2025-04-27,17,0,0,0,False
2025-04-27,25,168,5,67800,True
2025-04-27,26,233,11,74280,True
2025-04-27,28,0,0,0,False
2025-04-27,50,192,7,71580,True
2025-04-28,1,314,0,65460,True
2025-04-28,7,221,10,73980,True
2025-04-28,11,230,0,66600,True
2025-04-28,12,0,0,0,False
2025-04-28,17,0,0,0,False
2025-04-28,25,184,5,64200,True
2025-04-28,26,242,11,73440,True
2025-04-28,28,200,0,65220,True
2025-04-28,50,198,7,71460,True
2025-04-29,1,314,0,65460,True
2025-04-29,7,224,13,74520,True
2025-04-29,11,237,7,69600,True
2025-04-29,12,0,0,0,False
2025-04-29,17,513,0,69000,True
2025-04-29,25,179,0,61200,True
2025-04-29,26,238,7,71160,True
2025-04-29,28,200,0,65220,True
2025-04-29,50,199,8,70500,True
2025-04-30,1,314,0,65460,True
2025-04-30,7,224,13,74520,True
2025-04-30,11,237,7,69600,True
2025-04-30,12,0,0,0,False
2025-04-30,17,534,21,73980,True
2025-04-30,25,179,0,61200,True
2025-04-30,26,238,7,71160,True
2025-04-30,28,200,0,65220,True
2025-04-30,50,199,8,70500,True
2025-05-01,1,314,0,65460,True
2025-05-01,7,224,13,74520,True
2025-05-01,11,237,7,69600,True
2025-05-01,12,0,0,0,False
2025-05-01,17,534,21,73980,True
2025-05-01,25,179,0,61200,True
2025-05-01,26,238,7,71160,True
2025-05-01,28,200,0,65220,True
2025-05-01,50,199,8,70500,True
2025-05-02,1,314,0,65460,True
2025-05-02,7,224,13,74520,True
2025-05-02,11,237,7,69600,True
2025-05-02,12,0,0,0,False
2025-05-02,17,534,21,73980,True
2025-05-02,25,179,0,61200,True
2025-05-02,26,238,7,71160,True
2025-05-02,28,200,0,65220,True
2025-05-02,50,199,8,70500,True
2025-05-03,1,166,0,64140,True
2025-05-03,7,207,13,73680,True
2025-05-03,11,179,7,69720,True
2025-05-03,12,179,0,67320,True
2025-05-03,17,477,21,73920,True
2025-05-03,25,163,0,64800,True
2025-05-03,26,229,7,72000,True
2025-05-03,28,198,0,63780,True
2025-05-03,50,193,8,70620,True
2025-05-04,1,166,0,64140,True
2025-05-04,7,204,10,73140,True
2025-05-04,11,183,11,73200,True
2025-05-04,12,188,9,70860,True
2025-05-04,17,473,17,74640,True
2025-05-04,25,168,5,67800,True
2025-05-04,26,233,11,74280,True
2025-05-04,28,198,0,63780,True
2025-05-04,50,192,7,71580,True
2025-05-05,1,314,0,65460,True
2025-05-05,7,221,10,73980,True
2025-05-05,11,241,11,73080,True
2025-05-05,12,235,9,70740,True
2025-05-05,17,530,17,74700,True
2025-05-05,25,184,5,64200,True
2025-05-05,26,242,11,73440,True
2025-05-05,28,200,0,65220,True
2025-05-05,50,198,7,71460,True
2025-05-06,1,314,0,65460,True
2025-05-06,7,224,13,74520,True
2025-05-06,11,237,7,69600,True
2025-05-06,12,232,6,70020,True
2025-05-06,17,534,21,73980,True
2025-05-06,25,179,0,61200,True
2025-05-06,26,238,7,71160,True
2025-05-06,28,200,0,65220,True
2025-05-06,50,199,8,70500,True
2025-05-07,1,314,0,65460,True
2025-05-07,7,224,13,74520,True
2025-05-07,11,237,7,69600,True
2025-05-07,12,232,6,70020,True
2025-05-07,17,534,21,73980,True
2025-05-07,25,179,0,61200,True
2025-05-07,26,238,7,71160,True
2025-05-07,28,200,0,65220,True
2025-05-07,50,199,8,70500,True
2025-05-08,1,314,0,65460,True
2025-05-08,7,224,13,74520,True
2025-05-08,11,237,7,69600,True
2025-05-08,12,232,6,70020,True
2025-05-08,17,534,21,73980,True
2025-05-08,25,179,0,61200,True
2025-05-08,26,238,7,71160,True
2025-05-08,28,200,0,65220,True
2025-05-08,50,199,8,70500,True
2025-05-09,1,314,0,65460,True
2025-05-09,7,224,13,74520,True
2025-05-09,11,237,7,69600,True
2025-05-09,12,232,6,70020,True
2025-05-09,17,534,21,73980,True
2025-05-09,25,179,0,61200,True
2025-05-09,26,238,7,71160,True
2025-05-09,28,200,0,65220,True
2025-05-09,50,199,8,70500,True
2025-05-10,1,166,0,64140,True
2025-05-10,7,207,13,73680,True
2025-05-10,11,179,7,69720,True
2025-05-10,12,185,6,70140,True
2025-05-10,17,477,21,73920,True
2025-05-10,25,163,0,64800,True
2025-05-10,26,229,7,72000,True
2025-05-10,28,198,0,63780,True
2025-05-10,50,193,8,70620,True
2025-05-11,1,166,0,64140,True
2025-05-11,7,204,10,73140,True
2025-05-11,11,183,11,73200,True
2025-05-11,12,188,9,70860,True
2025-05-11,17,473,17,74640,True
2025-05-11,25,168,5,67800,True
2025-05-11,26,233,11,74280,True
2025-05-11,28,198,0,63780,True
2025-05-11,50,192,7,71580,True
2025-05-12,1,314,0,65460,True
2025-05-12,7,221,10,73980,True
2025-05-12,11,241,11,73080,True
2025-05-12,12,235,9,70740,True
2025-05-12,17,530,17,74700,True
2025-05-12,25,184,5,64200,True
2025-05-12,26,242,11,73440,True
2025-05-12,28,200,0,65220,True
2025-05-12,50,198,7,71460,True
2025-05-13,1,314,0,65460,True
2025-05-13,7,224,13,74520,True
2025-05-13,11,237,7,69600,True
2025-05-13,12,232,6,70020,True
2025-05-13,17,534,21,73980,True
2025-05-13,25,179,0,61200,True
2025-05-13,26,238,7,71160,True
2025-05-13,28,200,0,65220,True
2025-05-13,50,199,8,70500,True
2025-05-14,1,314,0,65460,True
2025-05-14,7,224,13,74520,True
2025-05-14,11,237,7,69600,True
2025-05-14,12,232,6,70020,True
2025-05-14,17,534,21,73980,True
2025-05-14,25,179,0,61200,True
2025-05-14,26,238,7,71160,True
2025-05-14,28,200,0,65220,True
2025-05-14,50,199,8,70500,True
2025-05-15,1,314,0,65460,True
2025-05-15,7,224,13,74520,True
2025-05-15,11,237,7,69600,True
2025-05-15,12,232,6,70020,True
2025-05-15,17,534,21,73980,True
2025-05-15,25,179,0,61200,True
2025-05-15,26,238,7,71160,True
2025-05-15,28,200,0,65220,True
2025-05-15,50,199,8,70500,True
2025-05-16,1,314,0,65460,True
2025-05-16,7,224,13,74520,True
2025-05-16,11,237,7,69600,True
2025-05-16,12,232,6,70020,True
2025-05-16,17,534,21,73980,True
2025-05-16,25,179,0,61200,True
2025-05-16,26,238,7,71160,True
2025-05-16,28,200,0,65220,True
2025-05-16,50,199,8,70500,True
2025-05-17,1,166,0,64140,True
2025-05-17,7,207,13,73680,True
2025-05-17,11,179,7,69720,True
2025-05-17,12,185,6,70140,True
2025-05-17,17,477,21,73920,True
2025-05-17,25,163,0,64800,True
2025-05-17,26,229,7,72000,True
2025-05-17,28,198,0,63780,True
2025-05-17,50,193,8,70620,True
2025-05-18,1,166,0,64140,True
2025-05-18,7,204,10,73140,True
2025-05-18,11,183,11,73200,True
2025-05-18,12,188,9,70860,True
2025-05-18,17,473,17,74640,True
2025-05-18,25,168,5,67800,True
2025-05-18,26,233,11,74280,True
2025-05-18,28,198,0,63780,True
2025-05-18,50,192,7,71580,True
2025-05-19,1,314,0,65460,True
2025-05-19,7,221,10,73980,True
2025-05-19,11,241,11,73080,True
2025-05-19,12,235,9,70740,True
2025-05-19,17,530,17,74700,True
2025-05-19,25,184,5,64200,True
2025-05-19,26,242,11,73440,True
2025-05-19,28,200,0,65220,True
2025-05-19,50,198,7,71460,True
2025-05-20,1,314,0,65460,True
2025-05-20,7,224,13,74520,True
2025-05-20,11,237,7,69600,True
2025-05-20,12,232,6,70020,True
2025-05-20,17,534,21,73980,True
2025-05-20,25,179,0,61200,True
2025-05-20,26,238,7,71160,True
2025-05-20,28,200,0,65220,True
2025-05-20,50,199,8,70500,True
2025-05-21,1,314,0,65460,True
2025-05-21,7,224,13,74520,True
2025-05-21,11,237,7,69600,True
2025-05-21,12,232,6,70020,True
2025-05-21,17,534,21,73980,True
2025-05-21,25,179,0,61200,True
2025-05-21,26,238,7,71160,True
2025-05-21,28,200,0,65220,True
2025-05-21,50,199,8,70500,True
2025-05-22,1,314,0,65460,True
2025-05-22,7,224,13,74520,True
2025-05-22,11,237,7,69600,True
2025-05-22,12,232,6,70020,True
2025-05-22,17,534,21,73980,True
2025-05-22,25,179,0,61200,True
2025-05-22,26,238,7,71160,True
2025-05-22,28,200,0,65220,True
2025-05-22,50,199,8,70500,True
2025-05-23,1,314,0,65460,True
2025-05-23,7,224,13,74520,True
2025-05-23,11,237,7,69600,True
2025-05-23,12,232,6,70020,True
2025-05-23,17,534,21,73980,True
2025-05-23,25,179,0,61200,True
2025-05-23,26,238,7,71160,True
2025-05-23,28,200,0,65220,True
2025-05-23,50,199,8,70500,True
2025-05-24,1,166,0,64140,True
2025-05-24,7,207,13,73680,True
2025-05-24,11,179,7,69720,True
2025-05-24,12,185,6,70140,True
2025-05-24,17,477,21,73920,True
2025-05-24,25,163,0,64800,True
2025-05-24,26,229,7,72000,True
2025-05-24,28,198,0,63780,True
2025-05-24,50,193,8,70620,True
2025-05-25,1,166,0,64140,True
2025-05-25,7,204,10,73140,True
2025-05-25,11,183,11,73200,True
2025-05-25,12,188,9,70860,True
2025-05-25,17,473,17,74640,True
2025-05-25,25,168,5,67800,True
2025-05-25,26,233,11,74280,True
2025-05-25,28,198,0,63780,True
2025-05-25,50,192,7,71580,True
2025-05-26,1,314,0,65460,True
2025-05-26,7,221,10,73980,True
2025-05-26,11,241,11,73080,True
2025-05-26,12,235,9,70740,True
2025-05-26,17,530,17,74700,True
2025-05-26,25,184,5,64200,True
2025-05-26,26,242,11,73440,True
2025-05-26,28,200,0,65220,True
2025-05-26,50,198,7,71460,True
2025-05-27,1,314,0,65460,True
2025-05-27,7,224,13,74520,True
2025-05-27,11,237,7,69600,True
2025-05-27,12,232,6,70020,True
2025-05-27,17,534,21,73980,True
2025-05-27,25,179,0,61200,True
2025-05-27,26,238,7,71160,True
2025-05-27,28,200,0,65220,True
2025-05-27,50,199,8,70500,True
2025-05-28,1,314,0,65460,True
2025-05-28,7,224,13,74520,True
2025-05-28,11,237,7,69600,True
2025-05-28,12,232,6,70020,True
2025-05-28,17,534,21,73980,True
2025-05-28,25,179,0,61200,True
2025-05-28,26,238,7,71160,True
2025-05-28,28,200,0,65220,True
2025-05-28,50,199,8,70500,True
2025-05-29,1,314,0,65460,True
2025-05-29,7,224,13,74520,True
2025-05-29,11,237,7,69600,True
2025-05-29,12,232,6,70020,True
2025-05-29,17,534,21,73980,True
2025-05-29,25,179,0,61200,True
2025-05-29,26,238,7,71160,True
2025-05-29,28,200,0,65220,True
2025-05-29,50,199,8,70500,True
2025-05-30,1,314,0,65460,True
2025-05-30,7,224,13,74520,True
2025-05-30,11,237,7,69600,True
2025-05-30,12,232,6,70020,True
2025-05-30,17,534,21,73980,True
2025-05-30,25,179,0,61200,True
2025-05-30,26,238,7,71160,True
2025-05-30,28,200,0,65220,True
2025-05-30,50,199,8,70500,True
2025-05-31,1,166,0,64140,True
2025-05-31,7,207,13,73680,True
2025-05-31,11,179,7,69720,True
2025-05-31,12,185,6,70140,True
2025-05-31,17,477,21,73920,True
2025-05-31,25,163,0,64800,True
2025-05-31,26,229,7,72000,True
2025-05-31,28,198,0,63780,True
2025-05-31,50,193,8,70620,True
2025-06-01,1,166,0,64140,True
2025-06-01,7,204,10,73140,True
2025-06-01,11,183,11,73200,True
2025-06-01,12,188,9,70860,True
2025-06-01,17,473,17,74640,True
2025-06-01,25,168,5,67800,True
2025-06-01,26,233,11,74280,True
2025-06-01,28,198,0,63780,True
2025-06-01,50,192,7,71580,True
2025-06-02,1,314,0,65460,True
2025-06-02,7,221,10,73980,True
2025-06-02,11,241,11,73080,True
2025-06-02,12,235,9,70740,True
2025-06-02,17,530,17,74700,True
2025-06-02,25,184,5,64200,True
2025-06-02,26,242,11,73440,True
2025-06-02,28,200,0,65220,True
2025-06-02,50,198,7,71460,True
2025-06-03,1,314,0,65460,True
2025-06-03,7,224,13,74520,True
2025-06-03,11,237,7,69600,True
2025-06-03,12,232,6,70020,True
2025-06-03,17,534,21,73980,True
2025-06-03,25,179,0,61200,True
2025-06-03,26,238,7,71160,True
2025-06-03,28,200,0,65220,True
2025-06-03,50,199,8,70500,True
2025-06-04,1,314,0,65460,True
2025-06-04,7,224,13,74520,True
2025-06-04,11,237,7,69600,True
2025-06-04,12,232,6,70020,True
2025-06-04,17,534,21,73980,True
2025-06-04,25,179,0,61200,True
2025-06-04,26,238,7,71160,True
2025-06-04,28,200,0,65220,True
2025-06-04,50,199,8,70500,True
2025-06-05,1,314,0,65460,True
2025-06-05,7,224,13,74520,True
2025-06-05,11,237,7,69600,True
2025-06-05,12,232,6,70020,True
2025-06-05,17,534,21,73980,True
2025-06-05,25,179,0,61200,True
2025-06-05,26,238,7,71160,True
2025-06-05,28,200,0,65220,True
2025-06-05,50,199,8,70500,True
2025-06-06,1,314,0,65460,True
2025-06-06,7,224,13,74520,True
2025-06-06,11,237,7,69600,True
2025-06-06,12,232,6,70020,True
2025-06-06,17,534,21,73980,True
2025-06-06,25,179,0,61200,True
2025-06-06,26,238,7,71160,True
2025-06-06,28,200,0,65220,True
2025-06-06,50,199,8,70500,True
2025-06-07,1,166,0,64140,True
2025-06-07,7,207,13,73680,True
2025-06-07,11,179,7,69720,True
2025-06-07,12,185,6,70140,True
2025-06-07,17,477,21,73920,True
2025-06-07,25,163,0,64800,True
2025-06-07,26,229,7,72000,True
2025-06-07,28,198,0,63780,True
2025-06-07,50,193,8,70620,True
2025-06-08,1,166,0,64140,True
2025-06-08,7,204,10,73140,True
2025-06-08,11,183,11,73200,True
2025-06-08,12,188,9,70860,True
2025-06-08,17,473,17,74640,True
2025-06-08,25,168,5,67800,True
2025-06-08,26,233,11,74280,True
2025-06-08,28,198,0,63780,True
2025-06-08,50,192,7,71580,True
2025-06-09,1,314,0,65460,True
2025-06-09,7,221,10,73980,True
2025-06-09,11,241,11,73080,True
2025-06-09,12,235,9,70740,True
2025-06-09,17,530,17,74700,True
2025-06-09,25,184,5,64200,True
2025-06-09,26,242,11,73440,True
2025-06-09,28,200,0,65220,True
2025-06-09,50,198,7,71460,True
2025-06-10,1,314,0,65460,True
2025-06-10,7,224,13,74520,True
2025-06-10,11,237,7,69600,True
2025-06-10,12,232,6,70020,True
2025-06-10,17,534,21,73980,True
2025-06-10,25,179,0,61200,True
2025-06-10,26,238,7,71160,True
2025-06-10,28,200,0,65220,True
2025-06-10,50,199,8,70500,True
2025-06-11,1,314,0,65460,True
2025-06-11,7,224,13,74520,True
2025-06-11,11,237,7,69600,True
2025-06-11,12,232,6,70020,True
2025-06-11,17,534,21,73980,True
2025-06-11,25,179,0,61200,True
2025-06-11,26,238,7,71160,True
2025-06-11,28,200,0,65220,True
2025-06-11,50,199,8,70500,True
2025-06-12,1,314,0,65460,True
2025-06-12,7,224,13,74520,True
2025-06-12,11,237,7,69600,True
2025-06-12,12,232,6,70020,True
2025-06-12,17,534,21,73980,True
2025-06-12,25,179,0,61200,True
2025-06-12,26,238,7,71160,True
2025-06-12,28,200,0,65220,True
2025-06-12,50,199,8,70500,True
2025-06-13,1,314,0,65460,True
2025-06-13,7,224,13,74520,True
2025-06-13,11,237,7,69600,True
2025-06-13,12,232,6,70020,True
2025-06-13,17,534,21,73980,True
2025-06-13,25,179,0,61200,True
2025-06-13,26,238,7,71160,True
2025-06-13,28,200,0,65220,True
2025-06-13,50,199,8,70500,True
2025-06-14,1,166,0,64140,True
2025-06-14,7,207,13,73680,True
2025-06-14,11,179,7,69720,True
2025-06-14,12,185,6,70140,True
2025-06-14,17,477,21,73920,True
2025-06-14,25,163,0,64800,True
2025-06-14,26,229,7,72000,True
2025-06-14,28,198,0,63780,True
2025-06-14,50,193,8,70620,True
2025-06-15,1,166,0,64140,True
2025-06-15,7,204,10,73140,True
2025-06-15,11,183,11,73200,True
2025-06-15,12,188,9,70860,True
2025-06-15,17,473,17,74640,True
2025-06-15,25,168,5,67800,True
2025-06-15,26,233,11,74280,True
2025-06-15,28,198,0,63780,True
2025-06-15,50,192,7,71580,True
2025-06-16,1,314,0,65460,True
2025-06-16,7,221,10,73980,True
2025-06-16,11,241,11,73080,True
2025-06-16,12,235,9,70740,True
2025-06-16,17,530,17,74700,True
2025-06-16,25,184,5,64200,True
2025-06-16,26,242,11,73440,True
2025-06-16,28,200,0,65220,True
2025-06-16,50,198,7,71460,True
2025-06-17,1,314,0,65460,True
2025-06-17,7,224,13,74520,True
2025-06-17,11,237,7,69600,True
2025-06-17,12,232,6,70020,True
2025-06-17,17,534,21,73980,True
2025-06-17,25,179,0,61200,True
2025-06-17,26,238,7,71160,True
2025-06-17,28,200,0,65220,True
2025-06-17,50,199,8,70500,True
2025-06-18,1,314,0,65460,True
2025-06-18,7,224,13,74520,True
2025-06-18,11,237,7,69600,True
2025-06-18,12,232,6,70020,True
2025-06-18,17,534,21,73980,True
2025-06-18,25,179,0,61200,True
2025-06-18,26,238,7,71160,True
2025-06-18,28,200,0,65220,True
2025-06-18,50,199,8,70500,True
2025-06-19,1,314,0,65460,True
2025-06-19,7,224,13,74520,True
2025-06-19,11,237,7,69600,True
2025-06-19,12,232,6,70020,True
2025-06-19,17,534,21,73980,True
2025-06-19,25,179,0,61200,True
2025-06-19,26,238,7,71160,True
2025-06-19,28,200,0,65220,True
2025-06-19,50,199,8,70500,True
2025-06-20,1,314,0,65460,True
2025-06-20,7,224,13,74520,True
2025-06-20,11,237,7,69600,True
2025-06-20,12,232,6,70020,True
2025-06-20,17,534,21,73980,True
2025-06-20,25,179,0,61200,True
2025-06-20,26,238,7,71160,True
2025-06-20,28,200,0,65220,True
2025-06-20,50,199,8,70500,True
2025-06-21,1,166,0,64140,True
2025-06-21,7,207,13,73680,True
2025-06-21,11,179,7,69720,True
2025-06-21,12,185,6,70140,True
2025-06-21,17,477,21,73920,True
2025-06-21,25,163,0,64800,True
2025-06-21,26,229,7,72000,True
2025-06-21,28,198,0,63780,True
2025-06-21,50,193,8,70620,True
2025-06-22,1,166,0,64140,True
2025-06-22,7,204,10,73140,True
2025-06-22,11,183,11,73200,True
2025-06-22,12,188,9,70860,True
2025-06-22,17,473,17,74640,True
2025-06-22,25,168,5,67800,True
2025-06-22,26,233,11,74280,True
2025-06-22,28,198,0,63780,True
2025-06-22,50,192,7,71580,True
2025-06-23,1,314,0,65460,True
2025-06-23,7,221,10,73980,True
2025-06-23,11,241,11,73080,True
2025-06-23,12,235,9,70740,True
2025-06-23,17,530,17,74700,True
2025-06-23,25,184,5,64200,True
2025-06-23,26,242,11,73440,True
2025-06-23,28,200,0,65220,True
2025-06-23,50,198,7,71460,True
2025-06-24,1,314,0,65460,True
2025-06-24,7,224,13,74520,True
2025-06-24,11,237,7,69600,True
2025-06-24,12,232,6,70020,True
2025-06-24,17,534,21,73980,True
2025-06-24,25,179,0,61200,True
2025-06-24,26,238,7,71160,True
2025-06-24,28,200,0,65220,True
2025-06-24,50,199,8,70500,True
2025-06-25,1,314,0,65460,True
2025-06-25,7,224,13,74520,True
2025-06-25,11,237,7,69600,True
2025-06-25,12,232,6,70020,True
2025-06-25,17,534,21,73980,True
2025-06-25,25,179,0,61200,True
2025-06-25,26,238,7,71160,True
2025-06-25,28,200,0,65220,True
2025-06-25,50,199,8,70500,True
2025-06-26,1,314,0,65460,True
2025-06-26,7,224,13,74520,True
2025-06-26,11,237,7,69600,True
2025-06-26,12,232,6,70020,True
2025-06-26,17,534,21,73980,True
2025-06-26,25,179,0,61200,True
2025-06-26,26,238,7,71160,True
2025-06-26,28,200,0,65220,True
2025-06-26,50,199,8,70500,True
2025-06-27,1,314,0,65460,True
2025-06-27,7,224,13,74520,True
2025-06-27,11,237,7,69600,True
2025-06-27,12,232,6,70020,True
2025-06-27,17,534,21,73980,True
2025-06-27,25,179,0,61200,True
2025-06-27,26,238,7,71160,True
2025-06-27,28,200,0,65220,True
2025-06-27,50,199,8,70500,True
2025-06-28,1,166,0,64140,True
2025-06-28,7,207,13,73680,True
2025-06-28,11,179,7,69720,True
2025-06-28,12,185,6,70140,True
2025-06-28,17,477,21,73920,True
2025-06-28,25,163,0,64800,True
2025-06-28,26,229,7,72000,True
2025-06-28,28,198,0,63780,True
2025-06-28,50,193,8,70620,True
2025-06-29,1,166,0,64140,True
2025-06-29,7,204,10,73140,True
2025-06-29,11,183,11,73200,True
2025-06-29,12,188,9,70860,True
2025-06-29,17,473,17,74640,True
2025-06-29,25,168,5,67800,True
2025-06-29,26,233,11,74280,True
2025-06-29,28,198,0,63780,True
2025-06-29,50,192,7,71580,True
2025-06-30,1,314,0,65460,True
2025-06-30,7,221,10,73980,True
2025-06-30,11,241,11,73080,True
2025-06-30,12,235,9,70740,True
2025-06-30,17,530,17,74700,True
2025-06-30,25,184,5,64200,True
2025-06-30,26,242,11,73440,True
2025-06-30,28,200,0,65220,True
2025-06-30,50,198,7,71460,True
2025-07-01,1,314,0,65460,True
2025-07-01,7,224,13,74520,True
2025-07-01,11,237,7,69600,True
2025-07-01,12,232,6,70020,True
2025-07-01,17,534,21,73980,True
2025-07-01,25,179,0,61200,True
2025-07-01,26,238,7,71160,True
2025-07-01,28,200,0,65220,True
2025-07-01,50,199,8,70500,True
2025-07-02,1,314,0,65460,True
2025-07-02,7,224,13,74520,True
2025-07-02,11,237,7,69600,True
2025-07-02,12,232,6,70020,True
2025-07-02,17,534,21,73980,True
2025-07-02,25,179,0,61200,True
2025-07-02,26,238,7,71160,True
2025-07-02,28,200,0,65220,True
2025-07-02,50,199,8,70500,True
2025-07-03,1,314,0,65460,True
2025-07-03,7,224,13,74520,True
2025-07-03,11,237,7,69600,True
2025-07-03,12,232,6,70020,True
2025-07-03,17,534,21,73980,True
2025-07-03,25,179,0,61200,True
2025-07-03,26,238,7,71160,True
2025-07-03,28,200,0,65220,True
2025-07-03,50,199,8,70500,True
2025-07-04,1,314,0,65460,True
2025-07-04,7,224,13,74520,True
2025-07-04,11,237,7,69600,True
2025-07-04,12,232,6,70020,True
2025-07-04,17,534,21,73980,True
2025-07-04,25,179,0,61200,True
2025-07-04,26,238,7,71160,True
2025-07-04,28,200,0,65220,True
2025-07-04,50,199,8,70500,True
2025-07-05,1,166,0,64140,True
2025-07-05,7,207,13,73680,True
2025-07-05,11,179,7,69720,True
2025-07-05,12,185,6,70140,True
2025-07-05,17,477,21,73920,True
2025-07-05,25,163,0,64800,True
2025-07-05,26,229,7,72000,True
2025-07-05,28,198,0,63780,True
2025-07-05,50,193,8,70620,True
2025-07-06,1,166,0,64140,True
2025-07-06,7,204,10,73140,True
2025-07-06,11,183,11,73200,True
2025-07-06,12,188,9,70860,True
2025-07-06,17,473,17,74640,True
2025-07-06,25,168,5,67800,True
2025-07-06,26,233,11,74280,True
2025-07-06,28,198,0,63780,True
2025-07-06,50,192,7,71580,True
2025-07-07,1,314,0,65460,True
2025-07-07,7,221,10,73980,True
2025-07-07,11,241,11,73080,True
2025-07-07,12,235,9,70740,True
2025-07-07,17,530,17,74700,True
2025-07-07,25,184,5,64200,True
2025-07-07,26,242,11,73440,True
2025-07-07,28,200,0,65220,True
2025-07-07,50,198,7,71460,True
2025-07-08,1,314,0,65460,True
2025-07-08,7,224,13,74520,True
2025-07-08,11,237,7,69600,True
2025-07-08,12,232,6,70020,True
2025-07-08,17,534,21,73980,True
2025-07-08,25,179,0,61200,True
2025-07-08,26,238,7,71160,True
2025-07-08,28,200,0,65220,True
2025-07-08,50,199,8,70500,True
2025-07-09,1,314,0,65460,True
2025-07-09,7,224,13,74520,True
2025-07-09,11,237,7,69600,True
2025-07-09,12,232,6,70020,True
2025-07-09,17,534,21,73980,True
2025-07-09,25,179,0,61200,True
2025-07-09,26,238,7,71160,True
2025-07-09,28,200,0,65220,True
2025-07-09,50,199,8,70500,True
2025-07-10,1,314,0,65460,True
2025-07-10,7,224,13,74520,True
2025-07-10,11,237,7,69600,True
2025-07-10,12,232,6,70020,True
2025-07-10,17,534,21,73980,True
2025-07-10,25,179,0,61200,True
2025-07-10,26,238,7,71160,True
2025-07-10,28,200,0,65220,True
2025-07-10,50,199,8,70500,True
2025-07-11,1,314,0,65460,True
2025-07-11,7,224,13,74520,True
2025-07-11,11,237,7,69600,True
2025-07-11,12,232,6,70020,True
2025-07-11,17,534,21,73980,True
2025-07-11,25,179,0,61200,True
2025-07-11,26,238,7,71160,True
2025-07-11,28,200,0,65220,True
2025-07-11,50,199,8,70500,True
2025-07-12,1,166,0,64140,True
2025-07-12,7,207,13,73680,True
2025-07-12,11,179,7,69720,True
2025-07-12,12,185,6,70140,True
2025-07-12,17,477,21,73920,True
2025-07-12,25,163,0,64800,True
2025-07-12,26,229,7,72000,True
2025-07-12,28,198,0,63780,True
2025-07-12,50,193,8,70620,True
2025-07-13,1,166,0,64140,True
2025-07-13,7,204,10,73140,True
2025-07-13,11,183,11,73200,True
2025-07-13,12,188,9,70860,True
2025-07-13,17,473,17,74640,True
2025-07-13,25,168,5,67800,True
2025-07-13,26,233,11,74280,True
2025-07-13,28,198,0,63780,True
2025-07-13,50,192,7,71580,True
2025-07-14,1,314,0,65460,True
2025-07-14,7,221,10,73980,True
2025-07-14,11,241,11,73080,True
2025-07-14,12,235,9,70740,True
2025-07-14,17,530,17,74700,True
2025-07-14,25,184,5,64200,True
2025-07-14,26,242,11,73440,True
2025-07-14,28,200,0,65220,True
2025-07-14,50,198,7,71460,True
2025-07-15,1,314,0,65460,True
2025-07-15,7,224,13,74520,True
2025-07-15,11,237,7,69600,True
2025-07-15,12,232,6,70020,True
2025-07-15,17,534,21,73980,True
2025-07-15,25,179,0,61200,True
2025-07-15,26,238,7,71160,True
2025-07-15,28,200,0,65220,True
2025-07-15,50,199,8,70500,True
2025-07-16,1,314,0,65460,True
2025-07-16,7,224,13,74520,True
2025-07-16,11,237,7,69600,True
2025-07-16,12,232,6,70020,True
2025-07-16,17,534,21,73980,True
2025-07-16,25,179,0,61200,True
2025-07-16,26,238,7,71160,True
2025-07-16,28,200,0,65220,True
2025-07-16,50,199,8,70500,True
2025-07-17,1,314,0,65460,True
2025-07-17,7,224,13,74520,True
2025-07-17,11,237,7,69600,True
2025-07-17,12,232,6,70020,True
2025-07-17,17,534,21,73980,True
2025-07-17,25,179,0,61200,True
2025-07-17,26,238,7,71160,True
2025-07-17,28,200,0,65220,True
2025-07-17,50,199,8,70500,True
2025-07-18,1,314,0,65460,True
2025-07-18,7,224,13,74520,True
2025-07-18,11,237,7,69600,True
2025-07-18,12,232,6,70020,True
2025-07-18,17,534,21,73980,True
2025-07-18,25,179,0,61200,True
2025-07-18,26,238,7,71160,True
2025-07-18,28,200,0,65220,True
2025-07-18,50,199,8,70500,True
2025-07-19,1,166,0,64140,True
2025-07-19,7,207,13,73680,True
2025-07-19,11,179,7,69720,True
2025-07-19,12,185,6,70140,True
2025-07-19,17,477,21,73920,True
2025-07-19,25,163,0,64800,True
2025-07-19,26,229,7,72000,True
2025-07-19,28,198,0,63780,True
2025-07-19,50,193,8,70620,True
2025-07-20,1,166,0,64140,True
2025-07-20,7,204,10,73140,True
2025-07-20,11,183,11,73200,True
2025-07-20,12,188,9,70860,True
2025-07-20,17,473,17,74640,True
2025-07-20,25,168,5,67800,True
2025-07-20,26,233,11,74280,True
2025-07-20,28,198,0,63780,True
2025-07-20,50,192,7,71580,True
2025-07-21,1,314,0,65460,True
2025-07-21,7,221,10,73980,True
2025-07-21,11,241,11,73080,True
2025-07-21,12,235,9,70740,True
2025-07-21,17,530,17,74700,True
2025-07-21,25,184,5,64200,True
2025-07-21,26,242,11,73440,True
2025-07-21,28,200,0,65220,True
2025-07-21,50,198,7,71460,True
2025-07-22,1,314,0,65460,True
2025-07-22,7,224,13,74520,True
2025-07-22,11,237,7,69600,True
2025-07-22,12,232,6,70020,True
2025-07-22,17,534,21,73980,True
2025-07-22,25,179,0,61200,True
2025-07-22,26,238,7,71160,True
2025-07-22,28,200,0,65220,True
2025-07-22,50,199,8,70500,True
2025-07-23,1,314,0,65460,True
2025-07-23,7,224,13,74520,True
2025-07-23,11,237,7,69600,True
2025-07-23,12,232,6,70020,True
2025-07-23,17,534,21,73980,True
2025-07-23,25,179,0,61200,True
2025-07-23,26,238,7,71160,True
2025-07-23,28,200,0,65220,True
2025-07-23,50,199,8,70500,True
2025-07-24,1,314,0,65460,True
2025-07-24,7,224,13,74520,True
2025-07-24,11,237,7,69600,True
2025-07-24,12,232,6,70020,True
2025-07-24,17,534,21,73980,True
2025-07-24,25,179,0,61200,True
2025-07-24,26,238,7,71160,True
2025-07-24,28,200,0,65220,True
2025-07-24,50,199,8,70500,True
2025-07-25,1,314,0,65460,True
2025-07-25,7,224,13,74520,True
2025-07-25,11,237,7,69600,True
2025-07-25,12,232,6,70020,True
2025-07-25,17,534,21,73980,True
2025-07-25,25,179,0,61200,True
2025-07-25,26,238,7,71160,True
2025-07-25,28,200,0,65220,True
2025-07-25,50,199,8,70500,True
2025-07-26,1,166,0,64140,True
2025-07-26,7,207,13,73680,True
2025-07-26,11,179,7,69720,True
2025-07-26,12,185,6,70140,True
2025-07-26,17,477,21,73920,True
2025-07-26,25,163,0,64800,True
2025-07-26,26,229,7,72000,True
2025-07-26,28,198,0,63780,True
2025-07-26,50,193,8,70620,True
2025-07-27,1,166,0,64140,True
2025-07-27,7,204,10,73140,True
2025-07-27,11,183,11,73200,True
2025-07-27,12,188,9,70860,True
2025-07-27,17,473,17,74640,True
2025-07-27,25,168,5,67800,True
2025-07-27,26,233,11,74280,True
2025-07-27,28,198,0,63780,True
2025-07-27,50,192,7,71580,True
2025-07-28,1,314,0,65460,True
2025-07-28,7,221,10,73980,True
2025-07-28,11,241,11,73080,True
2025-07-28,12,235,9,70740,True
2025-07-28,17,530,17,74700,True
2025-07-28,25,184,5,64200,True
2025-07-28,26,242,11,73440,True
2025-07-28,28,200,0,65220,True
2025-07-28,50,198,7,71460,True
2025-07-29,1,314,0,65460,True
2025-07-29,7,224,13,74520,True
2025-07-29,11,237,7,69600,True
2025-07-29,12,232,6,70020,True
2025-07-29,17,534,21,73980,True
2025-07-29,25,179,0,61200,True
2025-07-29,26,238,7,71160,True
2025-07-29,28,200,0,65220,True
2025-07-29,50,199,8,70500,True
2025-07-30,1,314,0,65460,True
2025-07-30,7,224,13,74520,True
2025-07-30,11,237,7,69600,True
2025-07-30,12,232,6,70020,True
2025-07-30,17,534,21,73980,True
2025-07-30,25,179,0,61200,True
2025-07-30,26,238,7,71160,True
2025-07-30,28,200,0,65220,True
2025-07-30,50,199,8,70500,True
2025-07-31,1,314,0,65460,True
2025-07-31,7,224,13,74520,True
2025-07-31,11,237,7,69600,True
2025-07-31,12,232,6,70020,True
2025-07-31,17,534,21,73980,True
2025-07-31,25,179,0,61200,True
2025-07-31,26,238,7,71160,True
2025-07-31,28,200,0,65220,True
2025-07-31,50,199,8,70500,True
2025-08-01,1,314,0,65460,True
2025-08-01,7,224,13,74520,True
2025-08-01,11,237,7,69600,True
2025-08-01,12,232,6,70020,True
2025-08-01,17,534,21,73980,True
2025-08-01,25,179,0,61200,True
2025-08-01,26,238,7,71160,True
2025-08-01,28,200,0,65220,True
2025-08-01,50,199,8,70500,True
2025-08-02,1,166,0,64140,True
2025-08-02,7,207,13,73680,True
2025-08-02,11,179,7,69720,True
2025-08-02,12,185,6,70140,True
2025-08-02,17,477,21,73920,True
2025-08-02,25,163,0,64800,True
2025-08-02,26,229,7,72000,True
2025-08-02,28,198,0,63780,True
2025-08-02,50,193,8,70620,True
2025-08-03,1,166,0,64140,True
2025-08-03,7,204,10,73140,True
2025-08-03,11,183,11,73200,True
2025-08-03,12,188,9,70860,True
2025-08-03,17,473,17,74640,True
2025-08-03,25,168,5,67800,True
2025-08-03,26,233,11,74280,True
2025-08-03,28,198,0,63780,True
2025-08-03,50,192,7,71580,True
2025-08-04,1,314,0,65460,True
2025-08-04,7,221,10,73980,True
2025-08-04,11,241,11,73080,True
2025-08-04,12,235,9,70740,True
2025-08-04,17,530,17,74700,True
2025-08-04,25,184,5,64200,True
2025-08-04,26,242,11,73440,True
2025-08-04,28,200,0,65220,True
2025-08-04,50,198,7,71460,True
2025-08-05,1,314,0,65460,True
2025-08-05,7,224,13,74520,True
2025-08-05,11,237,7,69600,True
2025-08-05,12,232,6,70020,True
2025-08-05,17,534,21,73980,True
2025-08-05,25,179,0,61200,True
2025-08-05,26,238,7,71160,True
2025-08-05,28,200,0,65220,True
2025-08-05,50,199,8,70500,True
2025-08-06,1,314,0,65460,True
2025-08-06,7,224,13,74520,True
2025-08-06,11,237,7,69600,True
2025-08-06,12,232,6,70020,True
2025-08-06,17,534,21,73980,True
2025-08-06,25,179,0,61200,True
2025-08-06,26,238,7,71160,True
2025-08-06,28,200,0,65220,True
2025-08-06,50,199,8,70500,True
2025-08-07,1,314,0,65460,True
2025-08-07,7,224,13,74520,True
2025-08-07,11,237,7,69600,True
2025-08-07,12,232,6,70020,True
2025-08-07,17,534,21,73980,True
2025-08-07,25,179,0,61200,True
2025-08-07,26,238,7,71160,True
2025-08-07,28,200,0,65220,True
2025-08-07,50,199,8,70500,True
2025-08-08,1,314,0,65460,True
2025-08-08,7,224,13,74520,True
2025-08-08,11,237,7,69600,True
2025-08-08,12,232,6,70020,True
2025-08-08,17,534,21,73980,True
2025-08-08,25,179,0,61200,True
2025-08-08,26,238,7,71160,True
2025-08-08,28,200,0,65220,True
2025-08-08,50,199,8,70500,True
2025-08-09,1,166,0,64140,True
2025-08-09,7,207,13,73680,True
2025-08-09,11,179,7,69720,True
2025-08-09,12,185,6,70140,True
2025-08-09,17,477,21,73920,True
2025-08-09,25,163,0,64800,True
2025-08-09,26,229,7,72000,True
2025-08-09,28,198,0,63780,True
2025-08-09,50,193,8,70620,True
2025-08-10,1,166,0,64140,True
2025-08-10,7,204,10,73140,True
2025-08-10,11,183,11,73200,True
2025-08-10,12,188,9,70860,True
2025-08-10,17,473,17,74640,True
2025-08-10,25,168,5,67800,True
2025-08-10,26,233,11,74280,True
2025-08-10,28,198,0,63780,True
2025-08-10,50,192,7,71580,True
2025-08-11,1,314,0,65460,True
2025-08-11,7,221,10,73980,True
2025-08-11,11,241,11,73080,True
2025-08-11,12,235,9,70740,True
2025-08-11,17,530,17,74700,True
2025-08-11,25,184,5,64200,True
2025-08-11,26,242,11,73440,True
2025-08-11,28,200,0,65220,True
2025-08-11,50,198,7,71460,True
2025-08-12,1,314,0,65460,True
2025-08-12,7,224,13,74520,True
2025-08-12,11,237,7,69600,True
2025-08-12,12,232,6,70020,True
2025-08-12,17,534,21,73980,True
2025-08-12,25,179,0,61200,True
2025-08-12,26,238,7,71160,True
2025-08-12,28,200,0,65220,True
2025-08-12,50,199,8,70500,True
2025-08-13,1,314,0,65460,True
2025-08-13,7,224,13,74520,True
2025-08-13,11,237,7,69600,True
2025-08-13,12,232,6,70020,True
2025-08-13,17,534,21,73980,True
2025-08-13,25,179,0,61200,True
2025-08-13,26,238,7,71160,True
2025-08-13,28,200,0,65220,True
2025-08-13,50,199,8,70500,True
2025-08-14,1,314,0,65460,True
2025-08-14,7,224,13,74520,True
2025-08-14,11,237,7,69600,True
2025-08-14,12,232,6,70020,True
2025-08-14,17,534,21,73980,True
2025-08-14,25,179,0,61200,True
2025-08-14,26,238,7,71160,True
2025-08-14,28,200,0,65220,True
2025-08-14,50,199,8,70500,True
2025-08-15,1,314,0,65460,True
2025-08-15,7,224,13,74520,True
2025-08-15,11,237,7,69600,True
2025-08-15,12,232,6,70020,True
2025-08-15,17,534,21,73980,True
2025-08-15,25,179,0,61200,True
2025-08-15,26,238,7,71160,True
2025-08-15,28,200,0,65220,True
2025-08-15,50,199,8,70500,True
2025-08-16,1,166,0,64140,True
2025-08-16,7,207,13,73680,True
2025-08-16,11,179,7,69720,True
2025-08-16,12,185,6,70140,True
2025-08-16,17,477,21,73920,True
2025-08-16,25,163,0,64800,True
2025-08-16,26,229,7,72000,True
2025-08-16,28,198,0,63780,True
2025-08-16,50,193,8,70620,True
2025-08-17,1,166,0,64140,True
2025-08-17,7,204,10,73140,True
2025-08-17,11,183,11,73200,True
2025-08-17,12,188,9,70860,True
2025-08-17,17,473,17,74640,True
2025-08-17,25,168,5,67800,True
2025-08-17,26,233,11,74280,True
2025-08-17,28,198,0,63780,True
2025-08-17,50,192,7,71580,True
2025-08-18,1,314,0,65460,True
2025-08-18,7,221,10,73980,True
2025-08-18,11,241,11,73080,True
2025-08-18,12,235,9,70740,True
2025-08-18,17,530,17,74700,True
2025-08-18,25,184,5,64200,True
2025-08-18,26,242,11,73440,True
2025-08-18,28,200,0,65220,True
2025-08-18,50,198,7,71460,True
2025-08-19,1,314,0,65460,True
2025-08-19,7,224,13,74520,True
2025-08-19,11,237,7,69600,True
2025-08-19,12,232,6,70020,True
2025-08-19,17,534,21,73980,True
2025-08-19,25,179,0,61200,True
2025-08-19,26,238,7,71160,True
2025-08-19,28,200,0,65220,True
2025-08-19,50,199,8,70500,True
2025-08-20,1,314,0,65460,True
2025-08-20,7,224,13,74520,True
2025-08-20,11,237,7,69600,True
2025-08-20,12,232,6,70020,True
2025-08-20,17,534,21,73980,True
2025-08-20,25,179,0,61200,True
2025-08-20,26,238,7,71160,True
2025-08-20,28,200,0,65220,True
2025-08-20,50,199,8,70500,True
2025-08-21,1,314,0,65460,True
2025-08-21,7,224,13,74520,True
2025-08-21,11,237,7,69600,True
2025-08-21,12,232,6,70020,True
2025-08-21,17,534,21,73980,True
2025-08-21,25,179,0,61200,True
2025-08-21,26,238,7,71160,True
2025-08-21,28,200,0,65220,True
2025-08-21,50,199,8,70500,True
2025-08-22,1,314,0,65460,True
2025-08-22,7,224,13,74520,True
2025-08-22,11,237,7,69600,True
2025-08-22,12,232,6,70020,True
2025-08-22,17,534,21,73980,True
2025-08-22,25,179,0,61200,True
2025-08-22,26,238,7,71160,True
2025-08-22,28,200,0,65220,True
2025-08-22,50,199,8,70500,True
2025-08-23,1,166,0,64140,True
2025-08-23,7,207,13,73680,True
2025-08-23,11,179,7,69720,True
2025-08-23,12,185,6,70140,True
2025-08-23,17,477,21,73920,True
2025-08-23,25,163,0,64800,True
2025-08-23,26,229,7,72000,True
2025-08-23,28,198,0,63780,True
2025-08-23,50,193,8,70620,True
2025-08-24,1,166,0,64140,True
2025-08-24,7,204,10,73140,True
2025-08-24,11,183,11,73200,True
2025-08-24,12,188,9,70860,True
2025-08-24,17,473,17,74640,True
2025-08-24,25,168,5,67800,True
2025-08-24,26,233,11,74280,True
2025-08-24,28,198,0,63780,True
2025-08-24,50,192,7,71580,True
2025-08-25,1,314,0,65460,True
2025-08-25,7,221,10,73980,True
2025-08-25,11,241,11,73080,True
2025-08-25,12,235,9,70740,True
2025-08-25,17,530,17,74700,True
2025-08-25,25,184,5,64200,True
2025-08-25,26,242,11,73440,True
2025-08-25,28,200,0,65220,True
2025-08-25,50,198,7,71460,True
2025-08-26,1,314,0,65460,True
2025-08-26,7,224,13,74520,True
2025-08-26,11,237,7,69600,True
2025-08-26,12,232,6,70020,True
2025-08-26,17,534,21,73980,True
2025-08-26,25,179,0,61200,True
2025-08-26,26,238,7,71160,True
2025-08-26,28,200,0,65220,True
2025-08-26,50,199,8,70500,True
2025-08-27,1,314,0,65460,True
2025-08-27,7,224,13,74520,True
2025-08-27,11,237,7,69600,True
2025-08-27,12,232,6,70020,True
2025-08-27,17,534,21,73980,True
2025-08-27,25,179,0,61200,True
2025-08-27,26,238,7,71160,True
2025-08-27,28,200,0,65220,True
2025-08-27,50,199,8,70500,True
2025-08-28,1,314,0,65460,True
2025-08-28,7,224,13,74520,True
2025-08-28,11,237,7,69600,True
2025-08-28,12,232,6,70020,True
2025-08-28,17,534,21,73980,True
2025-08-28,25,179,0,61200,True
2025-08-28,26,238,7,71160,True
2025-08-28,28,200,0,65220,True
2025-08-28,50,199,8,70500,True
2025-08-29,1,314,0,65460,True
2025-08-29,7,224,13,74520,True
2025-08-29,11,237,7,69600,True
2025-08-29,12,232,6,70020,True
2025-08-29,17,534,21,73980,True
2025-08-29,25,179,0,61200,True
2025-08-29,26,238,7,71160,True
2025-08-29,28,200,0,65220,True
2025-08-29,50,199,8,70500,True
2025-08-30,1,166,0,64140,True
2025-08-30,7,207,13,73680,True
2025-08-30,11,179,7,69720,True
2025-08-30,12,185,6,70140,True
2025-08-30,17,477,21,73920,True
2025-08-30,25,163,0,64800,True
2025-08-30,26,229,7,72000,True
2025-08-30,28,198,0,63780,True
2025-08-30,50,193,8,70620,True
2025-08-31,1,166,0,64140,True
2025-08-31,7,204,10,73140,True
2025-08-31,11,183,11,73200,True
2025-08-31,12,188,9,70860,True
2025-08-31,17,473,17,74640,True
2025-08-31,25,168,5,67800,True
2025-08-31,26,233,11,74280,True
2025-08-31,28,198,0,63780,True
2025-08-31,50,192,7,71580,True
2025-09-01,1,314,0,65460,True
2025-09-01,7,221,10,73980,True
2025-09-01,11,241,11,73080,True
2025-09-01,12,235,9,70740,True
2025-09-01,17,530,17,74700,True
2025-09-01,25,184,5,64200,True
2025-09-01,26,242,11,73440,True
2025-09-01,28,200,0,65220,True
2025-09-01,50,198,7,71460,True
2025-09-02,1,314,0,65460,True
2025-09-02,7,224,13,74520,True
2025-09-02,11,237,7,69600,True
2025-09-02,12,232,6,70020,True
2025-09-02,17,534,21,73980,True
2025-09-02,25,179,0,61200,True
2025-09-02,26,238,7,71160,True
2025-09-02,28,200,0,65220,True
2025-09-02,50,199,8,70500,True
2025-09-03,1,314,0,65460,True
2025-09-03,7,224,13,74520,True
2025-09-03,11,237,7,69600,True
2025-09-03,12,232,6,70020,True
2025-09-03,17,534,21,73980,True
2025-09-03,25,179,0,61200,True
2025-09-03,26,238,7,71160,True
2025-09-03,28,200,0,65220,True
2025-09-03,50,199,8,70500,True
2025-09-04,1,314,0,65460,True
2025-09-04,7,224,13,74520,True
2025-09-04,11,237,7,69600,True
2025-09-04,12,232,6,70020,True
2025-09-04,17,534,21,73980,True
2025-09-04,25,179,0,61200,True
2025-09-04,26,238,7,71160,True
2025-09-04,28,200,0,65220,True
2025-09-04,50,199,8,70500,True
2025-09-05,1,314,0,65460,True
2025-09-05,7,224,13,74520,True
2025-09-05,11,237,7,69600,True
2025-09-05,12,232,6,70020,True
2025-09-05,17,534,21,73980,True
2025-09-05,25,179,0,61200,True
2025-09-05,26,238,7,71160,True
2025-09-05,28,200,0,65220,True
2025-09-05,50,199,8,70500,True
2025-09-06,1,166,0,64140,True
2025-09-06,7,207,13,73680,True
2025-09-06,11,179,7,69720,True
2025-09-06,12,185,6,70140,True
2025-09-06,17,477,21,73920,True
2025-09-06,25,163,0,64800,True
2025-09-06,26,229,7,72000,True
2025-09-06,28,198,0,63780,True
2025-09-06,50,193,8,70620,True
2025-09-07,1,166,0,64140,True
2025-09-07,7,204,10,73140,True
2025-09-07,11,183,11,73200,True
2025-09-07,12,188,9,70860,True
2025-09-07,17,473,17,74640,True
2025-09-07,25,168,5,67800,True
2025-09-07,26,233,11,74280,True
2025-09-07,28,198,0,63780,True
2025-09-07,50,192,7,71580,True
2025-09-08,1,314,0,65460,True
2025-09-08,7,221,10,73980,True
2025-09-08,11,241,11,73080,True
2025-09-08,12,235,9,70740,True
2025-09-08,17,530,17,74700,True
2025-09-08,25,184,5,64200,True
2025-09-08,26,242,11,73440,True
2025-09-08,28,200,0,65220,True
2025-09-08,50,198,7,71460,True
2025-09-09,1,314,0,65460,True
2025-09-09,7,224,13,74520,True
2025-09-09,11,237,7,69600,True
2025-09-09,12,232,6,70020,True
2025-09-09,17,534,21,73980,True
2025-09-09,25,179,0,61200,True
2025-09-09,26,238,7,71160,True
2025-09-09,28,200,0,65220,True
2025-09-09,50,199,8,70500,True
2025-09-10,1,314,0,65460,True
2025-09-10,7,224,13,74520,True
2025-09-10,11,237,7,69600,True
2025-09-10,12,232,6,70020,True
2025-09-10,17,534,21,73980,True
2025-09-10,25,179,0,61200,True
2025-09-10,26,238,7,71160,True
2025-09-10,28,200,0,65220,True
2025-09-10,50,199,8,70500,True
2025-09-11,1,314,0,65460,True
2025-09-11,7,224,13,74520,True
2025-09-11,11,237,7,69600,True
2025-09-11,12,232,6,70020,True
2025-09-11,17,534,21,73980,True
2025-09-11,25,179,0,61200,True
2025-09-11,26,238,7,71160,True
2025-09-11,28,200,0,65220,True
2025-09-11,50,199,8,70500,True
2025-09-12,1,314,0,65460,True
2025-09-12,7,224,13,74520,True
2025-09-12,11,237,7,69600,True
2025-09-12,12,232,6,70020,True
2025-09-12,17,534,21,73980,True
2025-09-12,25,179,0,61200,True
2025-09-12,26,238,7,71160,True
2025-09-12,28,200,0,65220,True
2025-09-12,50,199,8,70500,True
2025-09-13,1,166,0,64140,True
2025-09-13,7,207,13,73680,True
2025-09-13,11,179,7,69720,True
2025-09-13,12,185,6,70140,True
2025-09-13,17,477,21,73920,True
2025-09-13,25,163,0,64800,True
2025-09-13,26,229,7,72000,True
2025-09-13,28,198,0,63780,True
2025-09-13,50,193,8,70620,True
2025-09-14,1,166,0,64140,True
2025-09-14,7,204,10,73140,True
2025-09-14,11,183,11,73200,True
2025-09-14,12,188,9,70860,True
2025-09-14,17,473,17,74640,True
2025-09-14,25,168,5,67800,True
2025-09-14,26,233,11,74280,True
2025-09-14,28,198,0,63780,True
2025-09-14,50,192,7,71580,True
2025-09-15,1,314,0,65460,True
2025-09-15,7,221,10,73980,True
2025-09-15,11,241,11,73080,True
2025-09-15,12,235,9,70740,True
2025-09-15,17,530,17,74700,True
2025-09-15,25,184,5,64200,True
2025-09-15,26,242,11,73440,True
2025-09-15,28,200,0,65220,True
2025-09-15,50,198,7,71460,True
2025-09-16,1,314,0,65460,True
2025-09-16,7,224,13,74520,True
2025-09-16,11,237,7,69600,True
2025-09-16,12,232,6,70020,True
2025-09-16,17,534,21,73980,True
2025-09-16,25,179,0,61200,True
2025-09-16,26,238,7,71160,True
2025-09-16,28,200,0,65220,True
2025-09-16,50,199,8,70500,True
2025-09-17,1,314,0,65460,True
2025-09-17,7,224,13,74520,True
2025-09-17,11,237,7,69600,True
2025-09-17,12,232,6,70020,True
2025-09-17,17,534,21,73980,True
2025-09-17,25,179,0,61200,True
2025-09-17,26,238,7,71160,True
2025-09-17,28,200,0,65220,True
2025-09-17,50,199,8,70500,True
2025-09-18,1,314,0,65460,True
2025-09-18,7,224,13,74520,True
2025-09-18,11,237,7,69600,True
2025-09-18,12,232,6,70020,True
2025-09-18,17,534,21,73980,True
2025-09-18,25,179,0,61200,True
2025-09-18,26,238,7,71160,True
2025-09-18,28,200,0,65220,True
2025-09-18,50,199,8,70500,True
2025-09-19,1,314,0,65460,True
2025-09-19,7,224,13,74520,True
2025-09-19,11,237,7,69600,True
2025-09-19,12,232,6,70020,True
2025-09-19,17,534,21,73980,True
2025-09-19,25,179,0,61200,True
2025-09-19,26,238,7,71160,True
2025-09-19,28,200,0,65220,True
2025-09-19,50,199,8,70500,True
2025-09-20,1,166,0,64140,True
2025-09-20,7,207,13,73680,True
2025-09-20,11,179,7,69720,True
2025-09-20,12,185,6,70140,True
2025-09-20,17,477,21,73920,True
2025-09-20,25,163,0,64800,True
2025-09-20,26,229,7,72000,True
2025-09-20,28,198,0,63780,True
2025-09-20,50,193,8,70620,True
2025-09-21,1,166,0,64140,True
2025-09-21,7,204,10,73140,True
2025-09-21,11,183,11,73200,True
2025-09-21,12,188,9,70860,True
2025-09-21,17,473,17,74640,True
2025-09-21,25,168,5,67800,True
2025-09-21,26,233,11,74280,True
2025-09-21,28,198,0,63780,True
2025-09-21,50,192,7,71580,True
2025-09-22,1,314,0,65460,True
2025-09-22,7,221,10,73980,True
2025-09-22,11,241,11,73080,True
2025-09-22,12,235,9,70740,True
2025-09-22,17,530,17,74700,True
2025-09-22,25,184,5,64200,True
2025-09-22,26,242,11,73440,True
2025-09-22,28,200,0,65220,True
2025-09-22,50,198,7,71460,True
2025-09-23,1,314,0,65460,True
2025-09-23,7,224,13,74520,True
2025-09-23,11,237,7,69600,True
2025-09-23,12,232,6,70020,True
2025-09-23,17,534,21,73980,True
2025-09-23,25,179,0,61200,True
2025-09-23,26,238,7,71160,True
2025-09-23,28,200,0,65220,True
2025-09-23,50,199,8,70500,True
2025-09-24,1,314,0,65460,True
2025-09-24,7,224,13,74520,True
2025-09-24,11,237,7,69600,True
2025-09-24,12,232,6,70020,True
2025-09-24,17,534,21,73980,True
2025-09-24,25,179,0,61200,True
2025-09-24,26,238,7,71160,True
2025-09-24,28,200,0,65220,True
2025-09-24,50,199,8,70500,True
2025-09-25,1,314,0,65460,True
2025-09-25,7,224,13,74520,True
2025-09-25,11,237,7,69600,True
2025-09-25,12,232,6,70020,True
2025-09-25,17,534,21,73980,True
2025-09-25,25,179,0,61200,True
2025-09-25,26,238,7,71160,True
2025-09-25,28,200,0,65220,True
2025-09-25,50,199,8,70500,True
2025-09-26,1,314,0,65460,True
2025-09-26,7,224,13,74520,True
2025-09-26,11,237,7,69600,True
2025-09-26,12,232,6,70020,True
2025-09-26,17,534,21,73980,True
2025-09-26,25,179,0,61200,True
2025-09-26,26,238,7,71160,True
2025-09-26,28,200,0,65220,True
2025-09-26,50,199,8,70500,True
2025-09-27,1,166,0,64140,True
2025-09-27,7,207,13,73680,True
2025-09-27,11,179,7,69720,True
2025-09-27,12,185,6,70140,True
2025-09-27,17,477,21,73920,True
2025-09-27,25,163,0,64800,True
2025-09-27,26,229,7,72000,True
2025-09-27,28,198,0,63780,True
2025-09-27,50,193,8,70620,True
2025-09-28,1,166,0,64140,True
2025-09-28,7,204,10,73140,True
2025-09-28,11,183,11,73200,True
2025-09-28,12,188,9,70860,True
2025-09-28,17,473,17,74640,True
2025-09-28,25,168,5,67800,True
2025-09-28,26,233,11,74280,True
2025-09-28,28,198,0,63780,True
2025-09-28,50,192,7,71580,True
2025-09-29,1,314,0,65460,True
2025-09-29,7,221,10,73980,True
2025-09-29,11,241,11,73080,True
2025-09-29,12,235,9,70740,True
2025-09-29,17,530,17,74700,True
2025-09-29,25,184,5,64200,True
2025-09-29,26,242,11,73440,True
2025-09-29,28,200,0,65220,True
2025-09-29,50,198,7,71460,True
2025-09-30,1,314,0,65460,True
2025-09-30,7,224,13,74520,True
2025-09-30,11,237,7,69600,True
2025-09-30,12,232,6,70020,True
2025-09-30,17,534,21,73980,True
2025-09-30,25,179,0,61200,True
2025-09-30,26,238,7,71160,True
2025-09-30,28,200,0,65220,True
2025-09-30,50,199,8,70500,True
2025-10-01,1,314,0,65460,True
2025-10-01,7,224,13,74520,True
2025-10-01,11,237,7,69600,True
2025-10-01,12,232,6,70020,True
2025-10-01,17,534,21,73980,True
2025-10-01,25,179,0,61200,True
2025-10-01,26,238,7,71160,True
2025-10-01,28,200,0,65220,True
2025-10-01,50,199,8,70500,True
2025-10-02,1,314,0,65460,True
2025-10-02,7,224,13,74520,True
2025-10-02,11,237,7,69600,True
2025-10-02,12,232,6,70020,True
2025-10-02,17,534,21,73980,True
2025-10-02,25,179,0,61200,True
2025-10-02,26,238,7,71160,True
2025-10-02,28,200,0,65220,True
2025-10-02,50,199,8,70500,True
2025-10-03,1,314,0,65460,True
2025-10-03,7,224,13,74520,True
2025-10-03,11,237,7,69600,True
2025-10-03,12,232,6,70020,True
2025-10-03,17,534,21,73980,True
2025-10-03,25,179,0,61200,True
2025-10-03,26,238,7,71160,True
2025-10-03,28,200,0,65220,True
2025-10-03,50,199,8,70500,True
2025-10-04,1,166,0,64140,True
2025-10-04,7,207,13,73680,True
2025-10-04,11,179,7,69720,True
2025-10-04,12,185,6,70140,True
2025-10-04,17,477,21,73920,True
2025-10-04,25,163,0,64800,True
2025-10-04,26,229,7,72000,True
2025-10-04,28,198,0,63780,True
2025-10-04,50,193,8,70620,True
2025-10-05,1,166,0,64140,True
2025-10-05,7,204,10,73140,True
2025-10-05,11,183,11,73200,True
2025-10-05,12,188,9,70860,True
2025-10-05,17,473,17,74640,True
2025-10-05,25,168,5,67800,True
2025-10-05,26,233,11,74280,True
2025-10-05,28,198,0,63780,True
2025-10-05,50,192,7,71580,True
2025-10-06,1,314,0,65460,True
2025-10-06,7,221,10,73980,True
2025-10-06,11,241,11,73080,True
2025-10-06,12,235,9,70740,True
2025-10-06,17,530,17,74700,True
2025-10-06,25,184,5,64200,True
2025-10-06,26,242,11,73440,True
2025-10-06,28,200,0,65220,True
2025-10-06,50,198,7,71460,True
2025-10-07,1,314,0,65460,True
2025-10-07,7,224,13,74520,True
2025-10-07,11,237,7,69600,True
2025-10-07,12,232,6,70020,True
2025-10-07,17,534,21,73980,True
2025-10-07,25,179,0,61200,True
2025-10-07,26,238,7,71160,True
2025-10-07,28,200,0,65220,True
2025-10-07,50,199,8,70500,True
2025-10-08,1,314,0,65460,True
2025-10-08,7,224,13,74520,True
2025-10-08,11,237,7,69600,True
2025-10-08,12,232,6,70020,True
2025-10-08,17,534,21,73980,True
2025-10-08,25,179,0,61200,True
2025-10-08,26,238,7,71160,True
2025-10-08,28,200,0,65220,True
2025-10-08,50,199,8,70500,True
2025-10-09,1,314,0,65460,True
2025-10-09,7,224,13,74520,True
2025-10-09,11,237,7,69600,True
2025-10-09,12,232,6,70020,True
2025-10-09,17,534,21,73980,True
2025-10-09,25,179,0,61200,True
2025-10-09,26,238,7,71160,True
2025-10-09,28,200,0,65220,True
2025-10-09,50,199,8,70500,True
2025-10-10,1,314,0,65460,True
2025-10-10,7,224,13,74520,True
2025-10-10,11,237,7,69600,True
2025-10-10,12,232,6,70020,True
2025-10-10,17,534,21,73980,True
2025-10-10,25,179,0,61200,True
2025-10-10,26,238,7,71160,True
2025-10-10,28,200,0,65220,True
2025-10-10,50,199,8,70500,True
2025-10-11,1,166,0,64140,True
2025-10-11,7,207,13,73680,True
2025-10-11,11,179,7,69720,True
2025-10-11,12,185,6,70140,True
2025-10-11,17,477,21,73920,True
2025-10-11,25,163,0,64800,True
2025-10-11,26,229,7,72000,True
2025-10-11,28,198,0,63780,True
2025-10-11,50,193,8,70620,True
2025-10-12,1,166,0,64140,True
2025-10-12,7,204,10,73140,True
2025-10-12,11,183,11,73200,True
2025-10-12,12,188,9,70860,True
2025-10-12,17,473,17,74640,True
2025-10-12,25,168,5,67800,True
2025-10-12,26,233,11,74280,True
2025-10-12,28,198,0,63780,True
2025-10-12,50,192,7,71580,True
2025-10-13,1,314,0,65460,True
2025-10-13,7,221,10,73980,True
2025-10-13,11,241,11,73080,True
2025-10-13,12,235,9,70740,True
2025-10-13,17,530,17,74700,True
2025-10-13,25,184,5,64200,True
2025-10-13,26,242,11,73440,True
2025-10-13,28,200,0,65220,True
2025-10-13,50,198,7,71460,True
2025-10-14,1,314,0,65460,True
2025-10-14,7,224,13,74520,True
2025-10-14,11,237,7,69600,True
2025-10-14,12,232,6,70020,True
2025-10-14,17,534,21,73980,True
2025-10-14,25,179,0,61200,True
2025-10-14,26,238,7,71160,True
2025-10-14,28,200,0,65220,True
2025-10-14,50,199,8,70500,True
2025-10-15,1,314,0,65460,True
2025-10-15,7,224,13,74520,True
2025-10-15,11,237,7,69600,True
2025-10-15,12,232,6,70020,True
2025-10-15,17,534,21,73980,True
2025-10-15,25,179,0,61200,True
2025-10-15,26,238,7,71160,True
2025-10-15,28,200,0,65220,True
2025-10-15,50,199,8,70500,True
2025-10-16,1,314,0,65460,True
2025-10-16,7,224,13,74520,True
2025-10-16,11,237,7,69600,True
2025-10-16,12,232,6,70020,True
2025-10-16,17,534,21,73980,True
2025-10-16,25,179,0,61200,True
2025-10-16,26,238,7,71160,True
2025-10-16,28,200,0,65220,True
2025-10-16,50,199,8,70500,True
2025-10-17,1,314,0,65460,True
2025-10-17,7,224,13,74520,True
2025-10-17,11,237,7,69600,True
2025-10-17,12,232,6,70020,True
2025-10-17,17,534,21,73980,True
2025-10-17,25,179,0,61200,True
2025-10-17,26,238,7,71160,True
2025-10-17,28,200,0,65220,True
2025-10-17,50,199,8,70500,True
2025-10-18,1,166,0,64140,True
2025-10-18,7,207,13,73680,True
2025-10-18,11,179,7,69720,True
2025-10-18,12,185,6,70140,True
2025-10-18,17,477,21,73920,True
2025-10-18,25,163,0,64800,True
2025-10-18,26,229,7,72000,True
2025-10-18,28,198,0,63780,True
2025-10-18,50,193,8,70620,True
2025-10-19,1,166,0,64140,True
2025-10-19,7,204,10,73140,True
2025-10-19,11,183,11,73200,True
2025-10-19,12,188,9,70860,True
2025-10-19,17,473,17,74640,True
2025-10-19,25,168,5,67800,True
2025-10-19,26,233,11,74280,True
2025-10-19,28,198,0,63780,True
2025-10-19,50,192,7,71580,True
2025-10-20,1,314,0,65460,True
2025-10-20,7,221,10,73980,True
2025-10-20,11,241,11,73080,True
2025-10-20,12,235,9,70740,True
2025-10-20,17,530,17,74700,True
2025-10-20,25,184,5,64200,True
2025-10-20,26,242,11,73440,True
2025-10-20,28,200,0,65220,True
2025-10-20,50,198,7,71460,True
2025-10-21,1,314,0,65460,True
2025-10-21,7,224,13,74520,True
2025-10-21,11,237,7,69600,True
2025-10-21,12,232,6,70020,True
2025-10-21,17,534,21,73980,True
2025-10-21,25,179,0,61200,True
2025-10-21,26,238,7,71160,True
2025-10-21,28,200,0,65220,True
2025-10-21,50,199,8,70500,True
2025-10-22,1,314,0,65460,True
2025-10-22,7,224,13,74520,True
2025-10-22,11,237,7,69600,True
2025-10-22,12,232,6,70020,True
2025-10-22,17,534,21,73980,True
2025-10-22,25,179,0,61200,True
2025-10-22,26,238,7,71160,True
2025-10-22,28,200,0,65220,True
2025-10-22,50,199,8,70500,True
2025-10-23,1,314,0,65460,True
2025-10-23,7,224,13,74520,True
2025-10-23,11,237,7,69600,True
2025-10-23,12,232,6,70020,True
2025-10-23,17,534,21,73980,True
2025-10-23,25,179,0,61200,True
2025-10-23,26,238,7,71160,True
2025-10-23,28,200,0,65220,True
2025-10-23,50,199,8,70500,True
2025-10-24,1,314,0,65460,True
2025-10-24,7,224,13,74520,True
2025-10-24,11,237,7,69600,True
2025-10-24,12,232,6,70020,True
2025-10-24,17,534,21,73980,True
2025-10-24,25,179,0,61200,True
2025-10-24,26,238,7,71160,True
2025-10-24,28,200,0,65220,True
2025-10-24,50,199,8,70500,True
2025-10-25,1,166,0,64140,True
2025-10-25,7,207,13,73680,True
2025-10-25,11,179,7,69720,True
2025-10-25,12,185,6,70140,True
2025-10-25,17,477,21,73920,True
2025-10-25,25,163,0,64800,True
2025-10-25,26,229,7,72000,True
2025-10-25,28,198,0,63780,True
2025-10-25,50,193,8,70620,True
2025-10-26,1,166,0,64140,True
2025-10-26,7,204,10,73140,True
2025-10-26,11,183,11,73200,True
2025-10-26,12,188,9,70860,True
2025-10-26,17,473,17,74640,True
2025-10-26,25,168,5,67800,True
2025-10-26,26,233,11,74280,True
2025-10-26,28,198,0,63780,True
2025-10-26,50,192,7,71580,True
2025-10-27,1,314,0,65460,True
2025-10-27,7,221,10,73980,True
2025-10-27,11,241,11,73080,True
2025-10-27,12,235,9,70740,True
2025-10-27,17,530,17,74700,True
2025-10-27,25,184,5,64200,True
2025-10-27,26,242,11,73440,True
2025-10-27,28,200,0,65220,True
2025-10-27,50,198,7,71460,True
2025-10-28,1,314,0,65460,True
2025-10-28,7,224,13,74520,True
2025-10-28,11,237,7,69600,True
2025-10-28,12,232,6,70020,True
2025-10-28,17,534,21,73980,True
2025-10-28,25,179,0,61200,True
2025-10-28,26,238,7,71160,True
2025-10-28,28,200,0,65220,True
2025-10-28,50,199,8,70500,True
2025-10-29,1,314,0,65460,True
2025-10-29,7,224,13,74520,True
2025-10-29,11,237,7,69600,True
2025-10-29,12,232,6,70020,True
2025-10-29,17,534,21,73980,True
2025-10-29,25,179,0,61200,True
2025-10-29,26,238,7,71160,True
2025-10-29,28,200,0,65220,True
2025-10-29,50,199,8,70500,True
2025-10-30,1,314,0,65460,True
2025-10-30,7,224,13,74520,True
2025-10-30,11,237,7,69600,True
2025-10-30,12,232,6,70020,True
2025-10-30,17,534,21,73980,True
2025-10-30,25,179,0,61200,True
2025-10-30,26,238,7,71160,True
2025-10-30,28,200,0,65220,True
2025-10-30,50,199,8,70500,True
2025-10-31,1,314,0,65460,True
2025-10-31,7,224,13,74520,True
2025-10-31,11,237,7,69600,True
2025-10-31,12,232,6,70020,True
2025-10-31,17,534,21,73980,True
2025-10-31,25,179,0,61200,True
2025-10-31,26,238,7,71160,True
2025-10-31,28,200,0,65220,True
2025-10-31,50,199,8,70500,True
