date,hour,lat,lon
2025-01-24,19,55.77410999999975,37.61430900000015
2025-02-07,19,55.77410999999975,37.61430900000015
2025-03-15,19,55.77410999999975,37.61430900000015
2025-05-01,19,55.77410999999975,37.61430900000015
2025-06-26,19,55.77410999999975,37.61430900000015
2025-02-09,12,55.7650739999998,37.63558799999961
2025-03-09,12,55.7650739999998,37.63558799999961
2025-04-12,12,55.7650739999998,37.63558799999961
2025-05-18,12,55.7650739999998,37.63558799999961
2025-01-07,19,55.74343418478736,37.53534309567215
2025-02-21,19,55.74343418478736,37.53534309567215
2025-03-29,19,55.74343418478736,37.53534309567215
2025-04-30,19,55.74343418478736,37.53534309567215
2025-06-17,19,55.74343418478736,37.53534309567215
2025-07-08,19,55.74343418478736,37.53534309567215
2025-10-03,19,55.74343418478736,37.53534309567215
2025-02-02,19,55.76182099999997,37.645968
2025-03-31,19,55.76182099999997,37.645968
2025-04-13,19,55.76182099999997,37.645968
2025-06-12,19,55.76182099999997,37.645968
2025-07-14,19,55.76182099999997,37.645968
2025-07-22,19,55.76182099999997,37.645968
2025-10-17,19,55.76182099999997,37.645968
2025-02-08,19,55.7650739999998,37.63558799999961
2025-02-09,18,55.7650739999998,37.63558799999961
2025-04-24,19,55.7650739999998,37.63558799999961
2025-05-09,16,55.7650739999998,37.63558799999961
2025-01-05,18,55.7650739999998,37.63558799999961
2025-01-19,18,55.7650739999998,37.63558799999961
2025-02-07,19,55.7650739999998,37.63558799999961
2025-02-19,19,55.7650739999998,37.63558799999961
2025-03-03,19,55.7650739999998,37.63558799999961
2025-03-27,19,55.7650739999998,37.63558799999961
2025-04-10,19,55.7650739999998,37.63558799999961
2025-04-30,19,55.7650739999998,37.63558799999961
2025-05-05,19,55.7650739999998,37.63558799999961
2025-05-22,19,55.7650739999998,37.63558799999961
2025-06-26,19,55.7650739999998,37.63558799999961
2025-01-31,19,55.76776199999998,37.6069
2025-02-27,19,55.76776199999998,37.6069
2025-04-10,19,55.76776199999998,37.6069
2025-05-31,19,55.76776199999998,37.6069
2025-06-13,19,55.76776199999998,37.6069
2025-09-27,19,55.74989099999998,37.59152099999997
2025-01-02,12,55.69621,37.54451199999998
2025-01-02,16,55.69621,37.54451199999998
2025-05-02,12,55.69621,37.54451199999998
2025-05-02,16,55.69621,37.54451199999998
2025-01-05,19,55.760397999999995,37.61349400000001
2025-02-23,19,55.760397999999995,37.61349400000001
2025-03-15,19,55.760397999999995,37.61349400000001
2025-04-21,19,55.760397999999995,37.61349400000001
2025-05-09,19,55.760397999999995,37.61349400000001
2025-06-12,19,55.760397999999995,37.61349400000001
2025-09-06,19,55.760397999999995,37.61349400000001
2025-09-22,19,55.760397999999995,37.61349400000001
2025-02-22,19,55.76776199999998,37.6069
2025-03-26,19,55.76776199999998,37.6069
2025-04-15,19,55.76776199999998,37.6069
2025-06-19,19,55.76776199999998,37.6069
2025-01-09,19,55.76776199999998,37.6069
2025-02-18,19,55.76776199999998,37.6069
2025-03-21,19,55.76776199999998,37.6069
2025-04-01,19,55.76776199999998,37.6069
2025-05-13,19,55.76776199999998,37.6069
2025-06-10,19,55.76776199999998,37.6069
2025-06-24,19,55.76776199999998,37.6069
2025-02-21,19,55.771579999999965,37.60900200000001
2025-04-12,19,55.771579999999965,37.60900200000001
2025-05-22,19,55.771579999999965,37.60900200000001
2025-06-21,19,55.771579999999965,37.60900200000001
2025-03-04,19,55.771579999999965,37.60900200000001
2025-06-07,19,55.771579999999965,37.60900200000001
2025-02-03,19,55.76456099999996,37.610512
2025-05-24,19,55.76456099999996,37.610512
2025-07-25,19,55.76456099999996,37.610512
2025-09-21,19,55.76456099999996,37.610512
2025-02-01,12,55.76456099999996,37.610512
2025-10-24,19,55.76456099999996,37.610512
2025-02-20,19,55.76456099999996,37.610512
2025-04-07,19,55.76456099999996,37.610512
2025-06-05,19,55.76456099999996,37.610512
2025-09-18,19,55.76456099999996,37.610512
2025-02-15,12,55.76456099999996,37.610512
2025-01-25,19,55.76456099999996,37.610512
2025-03-31,19,55.76456099999996,37.610512
2025-09-22,19,55.76456099999996,37.610512
2025-10-31,19,55.76456099999996,37.610512
2025-03-30,12,55.76456099999996,37.610512
2025-01-07,14,55.76456099999996,37.610512
2025-01-08,12,55.76456099999996,37.610512
2025-04-05,12,55.76456099999996,37.610512
2025-10-19,12,55.76456099999996,37.610512
2025-01-08,19,55.76456099999996,37.610512
2025-02-17,19,55.76456099999996,37.610512
2025-04-24,19,55.76456099999996,37.610512
2025-10-11,19,55.76456099999996,37.610512
2025-01-31,19,55.76832899999999,37.59745899999999
2025-04-30,19,55.76832899999999,37.59745899999999
2025-05-22,19,55.76832899999999,37.59745899999999
2025-01-04,19,55.76832899999999,37.59745899999999
2025-01-07,19,55.76832899999999,37.59745899999999
2025-01-29,19,55.76832899999999,37.59745899999999
2025-02-04,19,55.76832899999999,37.59745899999999
2025-02-18,19,55.76832899999999,37.59745899999999
2025-02-23,19,55.76832899999999,37.59745899999999
2025-03-01,19,55.76832899999999,37.59745899999999
2025-03-05,19,55.76832899999999,37.59745899999999
2025-03-30,19,55.76832899999999,37.59745899999999
2025-04-08,19,55.76832899999999,37.59745899999999
2025-05-01,19,55.76832899999999,37.59745899999999
2025-05-13,19,55.76832899999999,37.59745899999999
2025-07-03,19,55.76832899999999,37.59745899999999
2025-07-06,19,55.76832899999999,37.59745899999999
2025-07-30,19,55.76832899999999,37.59745899999999
2025-09-23,19,55.76832899999999,37.59745899999999
2025-10-07,19,55.76832899999999,37.59745899999999
2025-10-15,19,55.76832899999999,37.59745899999999
2025-10-22,19,55.76832899999999,37.59745899999999
2025-02-28,19,55.757891,37.61239800000001
2025-03-19,19,55.757891,37.61239800000001
2025-04-19,19,55.757891,37.61239800000001
2025-06-14,19,55.757891,37.61239800000001
2025-01-14,19,55.76182099999997,37.645968
2025-02-03,19,55.76182099999997,37.645968
2025-03-10,19,55.76182099999997,37.645968
2025-03-30,19,55.76182099999997,37.645968
2025-04-11,19,55.76182099999997,37.645968
2025-04-15,19,55.76182099999997,37.645968
2025-05-10,19,55.76182099999997,37.645968
2025-05-18,19,55.76182099999997,37.645968
2025-06-13,19,55.76182099999997,37.645968
2025-07-16,19,55.76182099999997,37.645968
2025-07-30,19,55.76182099999997,37.645968
2025-10-01,19,55.76182099999997,37.645968
2025-10-18,19,55.76182099999997,37.645968
2025-01-24,19,55.757891,37.61239800000001
2025-01-09,19,55.76182099999997,37.645968
2025-02-19,19,55.76182099999997,37.645968
2025-03-20,19,55.76182099999997,37.645968
2025-04-14,19,55.76182099999997,37.645968
2025-05-23,19,55.76182099999997,37.645968
2025-06-25,19,55.76182099999997,37.645968
2025-07-04,19,55.76182099999997,37.645968
2025-07-17,19,55.76182099999997,37.645968
2025-10-31,19,55.76182099999997,37.645968
2025-01-26,13,55.760397999999995,37.61349400000001
2025-01-26,18,55.760397999999995,37.61349400000001
2025-02-22,13,55.760397999999995,37.61349400000001
2025-02-22,18,55.760397999999995,37.61349400000001
2025-03-23,13,55.760397999999995,37.61349400000001
2025-03-23,18,55.760397999999995,37.61349400000001
2025-06-01,18,55.760397999999995,37.61349400000001
2025-02-27,19,55.76182099999997,37.645968
2025-03-07,19,55.76182099999997,37.645968
2025-04-19,19,55.76182099999997,37.645968
2025-05-06,19,55.76182099999997,37.645968
2025-07-05,19,55.76182099999997,37.645968
2025-10-04,19,55.76182099999997,37.645968
2025-10-28,19,55.76182099999997,37.645968
2025-01-25,19,55.74989099999998,37.59152099999997
2025-02-09,19,55.74989099999998,37.59152099999997
2025-03-30,19,55.74989099999998,37.59152099999997
2025-04-24,19,55.74989099999998,37.59152099999997
2025-05-17,19,55.74989099999998,37.59152099999997
2025-06-17,19,55.74989099999998,37.59152099999997
2025-09-18,19,55.74989099999998,37.59152099999997
2025-02-14,19,55.757891,37.61239800000001
2025-02-26,19,55.757891,37.61239800000001
2025-03-08,19,55.757891,37.61239800000001
2025-03-27,19,55.757891,37.61239800000001
2025-04-05,19,55.757891,37.61239800000001
2025-04-26,19,55.757891,37.61239800000001
2025-05-29,19,55.757891,37.61239800000001
2025-06-10,19,55.757891,37.61239800000001
2025-06-26,19,55.757891,37.61239800000001
2025-06-20,19,55.771579999999965,37.60900200000001
2025-01-16,19,55.76832899999999,37.59745899999999
2025-02-13,19,55.76832899999999,37.59745899999999
2025-03-11,19,55.76832899999999,37.59745899999999
2025-03-29,19,55.76832899999999,37.59745899999999
2025-04-24,19,55.76832899999999,37.59745899999999
2025-05-06,19,55.76832899999999,37.59745899999999
2025-01-18,19,55.74989099999998,37.59152099999997
2025-02-01,19,55.74989099999998,37.59152099999997
2025-03-09,19,55.74989099999998,37.59152099999997
2025-04-09,19,55.74989099999998,37.59152099999997
2025-06-11,19,55.74989099999998,37.59152099999997
2025-02-07,19,55.771579999999965,37.60900200000001
2025-05-05,19,55.771579999999965,37.60900200000001
2025-02-13,19,55.76456099999996,37.610512
2025-02-16,19,55.76456099999996,37.610512
2025-09-24,19,55.76456099999996,37.610512
2025-09-29,19,55.76456099999996,37.610512
2025-01-05,19,55.76230299999995,37.60150099999997
2025-02-01,19,55.76230299999995,37.60150099999997
2025-02-23,19,55.76230299999995,37.60150099999997
2025-03-15,19,55.76230299999995,37.60150099999997
2025-04-06,19,55.76230299999995,37.60150099999997
2025-05-22,19,55.76230299999995,37.60150099999997
2025-06-21,19,55.76230299999995,37.60150099999997
2025-01-10,19,55.74989099999998,37.59152099999997
2025-01-14,19,55.74989099999998,37.59152099999997
2025-01-29,19,55.74989099999998,37.59152099999997
2025-02-13,19,55.74989099999998,37.59152099999997
2025-02-18,19,55.74989099999998,37.59152099999997
2025-03-10,19,55.74989099999998,37.59152099999997
2025-03-20,19,55.74989099999998,37.59152099999997
2025-04-23,19,55.74989099999998,37.59152099999997
2025-06-03,19,55.74989099999998,37.59152099999997
2025-09-17,19,55.74989099999998,37.59152099999997
2025-02-21,19,55.75693299999993,37.60150099999999
2025-03-12,19,55.75693299999993,37.60150099999999
2025-04-28,19,55.75693299999993,37.60150099999999
2025-05-21,19,55.75693299999993,37.60150099999999
2025-06-18,19,55.75693299999993,37.60150099999999
2025-10-08,19,55.75693299999993,37.60150099999999
2025-03-21,19,55.76021099999999,37.618534
2025-03-22,12,55.76021099999999,37.618534
2025-02-09,19,55.74343418478736,37.53534309567215
2025-03-14,19,55.74343418478736,37.53534309567215
2025-04-13,19,55.74343418478736,37.53534309567215
2025-05-24,19,55.74343418478736,37.53534309567215
2025-06-20,19,55.74343418478736,37.53534309567215
2025-07-12,19,55.74343418478736,37.53534309567215
2025-10-05,19,55.74343418478736,37.53534309567215
2025-03-06,19,55.771579999999965,37.60900200000001
2025-01-03,19,55.75920900000005,37.61745099999993
2025-02-01,19,55.75920900000005,37.61745099999993
2025-02-23,19,55.75920900000005,37.61745099999993
2025-03-02,19,55.75920900000005,37.61745099999993
2025-03-17,19,55.75920900000005,37.61745099999993
2025-04-13,19,55.75920900000005,37.61745099999993
2025-05-24,19,55.75920900000005,37.61745099999993
2025-06-14,19,55.75920900000005,37.61745099999993
2025-01-11,12,55.75920900000005,37.61745099999993
2025-01-19,12,55.75920900000005,37.61745099999993
2025-02-08,12,55.75920900000005,37.61745099999993
2025-02-20,12,55.75920900000005,37.61745099999993
2025-04-06,12,55.75920900000005,37.61745099999993
2025-04-27,12,55.75920900000005,37.61745099999993
2025-05-17,12,55.75920900000005,37.61745099999993
2025-06-07,12,55.75920900000005,37.61745099999993
2025-06-21,12,55.75920900000005,37.61745099999993
2025-09-28,12,55.75920900000005,37.61745099999993
2025-10-04,12,55.75920900000005,37.61745099999993
2025-10-30,12,55.75920900000005,37.61745099999993
2025-05-12,19,55.75920900000005,37.61745099999993
2025-01-06,11,55.75920900000005,37.61745099999993
2025-02-23,11,55.75920900000005,37.61745099999993
2025-03-08,12,55.75920900000005,37.61745099999993
2025-01-12,19,55.77410999999975,37.61430900000015
2025-01-26,19,55.77410999999975,37.61430900000015
2025-02-08,19,55.77410999999975,37.61430900000015
2025-02-15,18,55.77410999999975,37.61430900000015
2025-03-09,19,55.77410999999975,37.61430900000015
2025-03-29,19,55.77410999999975,37.61430900000015
2025-04-19,18,55.77410999999975,37.61430900000015
2025-04-26,18,55.77410999999975,37.61430900000015
2025-05-08,18,55.77410999999975,37.61430900000015
2025-05-31,18,55.77410999999975,37.61430900000015
2025-06-12,18,55.77410999999975,37.61430900000015
2025-06-29,18,55.77410999999975,37.61430900000015
2025-07-06,14,55.77410999999975,37.61430900000015
2025-07-06,18,55.77410999999975,37.61430900000015
2025-08-22,19,55.77410999999975,37.61430900000015
2025-09-21,18,55.77410999999975,37.61430900000015
2025-09-28,18,55.77410999999975,37.61430900000015
2025-10-19,18,55.77410999999975,37.61430900000015
2025-10-25,19,55.77410999999975,37.61430900000015
2025-01-04,16,55.77410999999975,37.61430900000015
2025-02-14,16,55.77410999999975,37.61430900000015
2025-03-09,15,55.77410999999975,37.61430900000015
2025-04-16,12,55.77410999999975,37.61430900000015
2025-04-26,15,55.77410999999975,37.61430900000015
2025-05-14,11,55.77410999999975,37.61430900000015
2025-05-17,12,55.77410999999975,37.61430900000015
2025-06-06,14,55.77410999999975,37.61430900000015
2025-06-24,14,55.77410999999975,37.61430900000015
2025-07-05,14,55.77410999999975,37.61430900000015
2025-01-03,18,55.77410999999975,37.61430900000015
2025-02-28,19,55.77410999999975,37.61430900000015
2025-03-23,19,55.77410999999975,37.61430900000015
2025-04-11,19,55.77410999999975,37.61430900000015
2025-04-27,18,55.77410999999975,37.61430900000015
2025-05-11,18,55.77410999999975,37.61430900000015
2025-06-07,18,55.77410999999975,37.61430900000015
2025-06-21,18,55.77410999999975,37.61430900000015
2025-07-09,19,55.77410999999975,37.61430900000015
2025-09-11,19,55.77410999999975,37.61430900000015
2025-10-04,19,55.77410999999975,37.61430900000015
2025-01-19,11,55.77410999999975,37.61430900000015
2025-01-19,14,55.77410999999975,37.61430900000015
2025-01-30,14,55.77410999999975,37.61430900000015
2025-02-08,11,55.77410999999975,37.61430900000015
2025-02-08,14,55.77410999999975,37.61430900000015
2025-03-12,12,55.77410999999975,37.61430900000015
2025-03-21,14,55.77410999999975,37.61430900000015
2025-04-09,14,55.77410999999975,37.61430900000015
2025-04-30,12,55.77410999999975,37.61430900000015
2025-05-09,12,55.77410999999975,37.61430900000015
2025-05-25,11,55.77410999999975,37.61430900000015
2025-05-25,14,55.77410999999975,37.61430900000015
2025-06-07,12,55.77410999999975,37.61430900000015
2025-06-21,12,55.77410999999975,37.61430900000015
2025-07-04,14,55.77410999999975,37.61430900000015
2025-08-24,12,55.77410999999975,37.61430900000015
2025-01-06,11,55.77410999999975,37.61430900000015
2025-01-26,11,55.77410999999975,37.61430900000015
2025-01-26,14,55.77410999999975,37.61430900000015
2025-02-09,11,55.77410999999975,37.61430900000015
2025-03-08,11,55.77410999999975,37.61430900000015
2025-03-08,14,55.77410999999975,37.61430900000015
2025-04-26,11,55.77410999999975,37.61430900000015
2025-04-26,14,55.77410999999975,37.61430900000015
2025-05-08,11,55.77410999999975,37.61430900000015
2025-05-31,11,55.77410999999975,37.61430900000015
2025-06-22,11,55.77410999999975,37.61430900000015
2025-07-05,11,55.77410999999975,37.61430900000015
2025-01-02,12,55.77410999999975,37.61430900000015
2025-01-02,18,55.77410999999975,37.61430900000015
2025-02-21,11,55.77410999999975,37.61430900000015
2025-03-09,11,55.77410999999975,37.61430900000015
2025-03-09,14,55.77410999999975,37.61430900000015
2025-04-07,11,55.77410999999975,37.61430900000015
2025-04-24,14,55.77410999999975,37.61430900000015
2025-05-04,17,55.77410999999975,37.61430900000015
2025-06-01,14,55.77410999999975,37.61430900000015
2025-06-14,17,55.77410999999975,37.61430900000015
2025-07-13,14,55.77410999999975,37.61430900000015
2025-01-31,11,55.77410999999975,37.61430900000015
2025-02-16,11,55.77410999999975,37.61430900000015
2025-02-27,11,55.77410999999975,37.61430900000015
2025-03-20,11,55.77410999999975,37.61430900000015
2025-03-29,15,55.77410999999975,37.61430900000015
2025-04-01,11,55.77410999999975,37.61430900000015
2025-04-09,11,55.77410999999975,37.61430900000015
2025-05-03,16,55.77410999999975,37.61430900000015
2025-05-17,15,55.77410999999975,37.61430900000015
2025-06-28,15,55.77410999999975,37.61430900000015
2025-08-27,11,55.77410999999975,37.61430900000015
2025-01-04,14,55.76025331515094,37.61645793390408
2025-01-04,19,55.76025331515094,37.61645793390408
2025-02-11,19,55.76025331515094,37.61645793390408
2025-03-15,14,55.76025331515094,37.61645793390408
2025-03-15,19,55.76025331515094,37.61645793390408
2025-04-29,19,55.76025331515094,37.61645793390408
2025-06-11,19,55.76025331515094,37.61645793390408
2025-01-03,13,55.76025331515094,37.61645793390408
2025-01-03,19,55.76025331515094,37.61645793390408
2025-02-05,19,55.76025331515094,37.61645793390408
2025-02-10,19,55.76025331515094,37.61645793390408
2025-03-13,19,55.76025331515094,37.61645793390408
2025-03-25,19,55.76025331515094,37.61645793390408
2025-04-02,19,55.76025331515094,37.61645793390408
2025-05-16,19,55.76025331515094,37.61645793390408
2025-06-04,19,55.76025331515094,37.61645793390408
2025-06-14,18,55.76025331515094,37.61645793390408
2025-01-11,19,55.76025331515094,37.61645793390408
2025-02-14,19,55.76025331515094,37.61645793390408
2025-03-23,19,55.76025331515094,37.61645793390408
2025-04-30,19,55.76025331515094,37.61645793390408
2025-06-07,19,55.76025331515094,37.61645793390408
2025-01-07,13,55.76038039999988,37.615764600000354
2025-01-07,19,55.76038039999988,37.615764600000354
2025-02-09,13,55.76038039999988,37.615764600000354
2025-02-09,19,55.76038039999988,37.615764600000354
2025-03-22,13,55.76038039999988,37.615764600000354
2025-03-22,19,55.76038039999988,37.615764600000354
2025-04-05,13,55.76038039999988,37.615764600000354
2025-04-05,19,55.76038039999988,37.615764600000354
2025-05-15,19,55.76038039999988,37.615764600000354
2025-06-08,13,55.76038039999988,37.615764600000354
2025-06-08,19,55.76038039999988,37.615764600000354
2025-01-14,19,55.760397999999995,37.61349400000001
2025-09-14,19,55.760397999999995,37.61349400000001
2025-01-04,19,55.760397999999995,37.61349400000001
2025-02-03,19,55.760397999999995,37.61349400000001
2025-03-22,19,55.760397999999995,37.61349400000001
2025-04-14,19,55.760397999999995,37.61349400000001
2025-05-26,19,55.760397999999995,37.61349400000001
2025-01-12,18,55.769058999999984,37.630714999999995
2025-02-09,18,55.769058999999984,37.630714999999995
2025-03-23,18,55.769058999999984,37.630714999999995
2025-05-26,19,55.769058999999984,37.630714999999995
2025-06-23,19,55.769058999999984,37.630714999999995
2025-02-02,19,55.77899799999997,37.59030000000001
2025-03-19,19,55.77899799999997,37.59030000000001
2025-04-06,19,55.77899799999997,37.59030000000001
2025-05-25,19,55.77899799999997,37.59030000000001
2025-06-15,19,55.77899799999997,37.59030000000001
2025-01-26,19,55.77899799999997,37.59030000000001
2025-02-19,19,55.77899799999997,37.59030000000001
2025-03-08,19,55.77899799999997,37.59030000000001
2025-04-27,19,55.77899799999997,37.59030000000001
2025-06-29,19,55.77899799999997,37.59030000000001
2025-03-01,12,55.75968399999999,37.61671000000001
2025-03-01,19,55.75968399999999,37.61671000000001
2025-05-15,19,55.75968399999999,37.61671000000001
2025-03-24,19,55.76021099999999,37.618534
2025-05-13,19,55.76021099999999,37.618534
2025-01-03,12,55.76230299999995,37.60150099999997
2025-01-05,12,55.76230299999995,37.60150099999997
2025-02-01,12,55.76230299999995,37.60150099999997
2025-03-06,12,55.76230299999995,37.60150099999997
2025-03-22,12,55.76230299999995,37.60150099999997
2025-04-06,12,55.76230299999995,37.60150099999997
2025-01-19,19,55.760397999999995,37.61349400000001
2025-02-11,19,55.760397999999995,37.61349400000001
2025-03-07,19,55.760397999999995,37.61349400000001
2025-05-02,19,55.760397999999995,37.61349400000001
2025-06-15,19,55.760397999999995,37.61349400000001
2025-09-07,19,55.760397999999995,37.61349400000001
2025-02-23,19,55.76182099999997,37.645968
2025-03-12,19,55.76182099999997,37.645968
2025-04-02,19,55.76182099999997,37.645968
2025-05-20,19,55.76182099999997,37.645968
2025-06-18,19,55.76182099999997,37.645968
2025-07-19,19,55.76182099999997,37.645968
2025-01-21,19,55.761775100000186,37.64493879999992
2025-02-06,19,55.761775100000186,37.64493879999992
2025-02-25,19,55.761775100000186,37.64493879999992
2025-03-06,19,55.761775100000186,37.64493879999992
2025-03-26,19,55.761775100000186,37.64493879999992
2025-05-13,19,55.761775100000186,37.64493879999992
2025-06-05,19,55.761775100000186,37.64493879999992
2025-06-30,19,55.761775100000186,37.64493879999992
2025-01-15,19,55.74989099999998,37.59152099999997
2025-01-17,19,55.74989099999998,37.59152099999997
2025-01-27,19,55.74989099999998,37.59152099999997
2025-02-03,19,55.74989099999998,37.59152099999997
2025-02-10,19,55.74989099999998,37.59152099999997
2025-03-18,19,55.74989099999998,37.59152099999997
2025-03-24,19,55.74989099999998,37.59152099999997
2025-04-25,19,55.74989099999998,37.59152099999997
2025-06-08,19,55.74989099999998,37.59152099999997
2025-09-30,19,55.74989099999998,37.59152099999997
2025-10-13,19,55.74989099999998,37.59152099999997
2025-10-21,19,55.74989099999998,37.59152099999997
2025-10-26,19,55.74989099999998,37.59152099999997
2025-01-18,19,55.74343418478736,37.53534309567215
2025-02-25,19,55.74343418478736,37.53534309567215
2025-03-25,19,55.74343418478736,37.53534309567215
2025-04-23,19,55.74343418478736,37.53534309567215
2025-05-22,19,55.74343418478736,37.53534309567215
2025-06-18,19,55.74343418478736,37.53534309567215
2025-07-24,19,55.74343418478736,37.53534309567215
2025-01-15,19,55.75693299999993,37.60150099999999
2025-02-02,18,55.75693299999993,37.60150099999999
2025-02-28,19,55.75693299999993,37.60150099999999
2025-03-13,19,55.75693299999993,37.60150099999999
2025-04-04,19,55.75693299999993,37.60150099999999
2025-05-19,19,55.75693299999993,37.60150099999999
2025-06-29,18,55.75693299999993,37.60150099999999
2025-10-30,19,55.75693299999993,37.60150099999999
2025-02-06,19,55.76832899999999,37.59745899999999
2025-03-16,19,55.76832899999999,37.59745899999999
2025-04-29,19,55.76832899999999,37.59745899999999
2025-05-20,19,55.76832899999999,37.59745899999999
2025-07-19,19,55.76832899999999,37.59745899999999
2025-01-15,19,55.74287218795934,37.53516979090794
2025-02-19,19,55.74287218795934,37.53516979090794
2025-03-19,19,55.74287218795934,37.53516979090794
2025-04-05,19,55.74287218795934,37.53516979090794
2025-04-17,19,55.74287218795934,37.53516979090794
2025-05-17,19,55.74287218795934,37.53516979090794
2025-06-03,19,55.74287218795934,37.53516979090794
2025-06-11,19,55.74287218795934,37.53516979090794
2025-07-23,19,55.74287218795934,37.53516979090794
2025-09-18,19,55.74287218795934,37.53516979090794
2025-03-20,20,55.74287218795934,37.53516979090794
2025-04-25,20,55.74287218795934,37.53516979090794
2025-07-08,20,55.74287218795934,37.53516979090794
2025-01-05,19,55.74287218795934,37.53516979090794
2025-02-20,19,55.74287218795934,37.53516979090794
2025-03-30,19,55.74287218795934,37.53516979090794
2025-04-27,19,55.74287218795934,37.53516979090794
2025-06-27,19,55.74287218795934,37.53516979090794
2025-07-20,19,55.74287218795934,37.53516979090794
2025-09-28,19,55.74287218795934,37.53516979090794
2025-10-13,19,55.74287218795934,37.53516979090794
2025-10-25,19,55.74287218795934,37.53516979090794
2025-01-09,19,55.74343418478736,37.53534309567215
2025-02-10,19,55.74343418478736,37.53534309567215
2025-03-05,19,55.74343418478736,37.53534309567215
2025-04-04,19,55.74343418478736,37.53534309567215
2025-06-30,19,55.74343418478736,37.53534309567215
2025-07-16,19,55.74343418478736,37.53534309567215
2025-01-04,14,55.74343418478736,37.53534309567215
2025-07-26,14,55.74343418478736,37.53534309567215
2025-09-07,16,55.74343418478736,37.53534309567215
2025-09-21,16,55.74343418478736,37.53534309567215
2025-10-17,14,55.74343418478736,37.53534309567215
2025-01-24,19,55.74287218795934,37.53516979090794
2025-02-14,19,55.74287218795934,37.53516979090794
2025-02-22,19,55.74287218795934,37.53516979090794
2025-03-11,19,55.74287218795934,37.53516979090794
2025-03-22,19,55.74287218795934,37.53516979090794
2025-04-09,19,55.74287218795934,37.53516979090794
2025-04-20,19,55.74287218795934,37.53516979090794
2025-06-24,19,55.74287218795934,37.53516979090794
2025-07-14,19,55.74287218795934,37.53516979090794
2025-07-26,19,55.74287218795934,37.53516979090794
2025-09-24,19,55.74287218795934,37.53516979090794
2025-09-30,19,55.74287218795934,37.53516979090794
2025-10-10,19,55.74287218795934,37.53516979090794
2025-10-27,19,55.74287218795934,37.53516979090794
2025-01-20,19,55.74343418478736,37.53534309567215
2025-02-18,19,55.74343418478736,37.53534309567215
2025-03-18,19,55.74343418478736,37.53534309567215
2025-04-15,19,55.74343418478736,37.53534309567215
2025-05-04,19,55.74343418478736,37.53534309567215
2025-07-09,19,55.74343418478736,37.53534309567215
2025-01-09,19,55.74287218795934,37.53516979090794
2025-02-10,19,55.74287218795934,37.53516979090794
2025-03-05,19,55.74287218795934,37.53516979090794
2025-04-04,19,55.74287218795934,37.53516979090794
2025-06-30,19,55.74287218795934,37.53516979090794
2025-07-16,19,55.74287218795934,37.53516979090794
2025-01-25,19,55.74343418478736,37.53534309567215
2025-03-06,19,55.74343418478736,37.53534309567215
2025-04-02,19,55.74343418478736,37.53534309567215
2025-06-26,19,55.74343418478736,37.53534309567215
2025-07-25,19,55.74343418478736,37.53534309567215
2025-01-19,19,55.74343418478736,37.53534309567215
2025-02-24,19,55.74343418478736,37.53534309567215
2025-03-13,19,55.74343418478736,37.53534309567215
2025-03-24,19,55.74343418478736,37.53534309567215
2025-04-01,19,55.74343418478736,37.53534309567215
2025-04-22,19,55.74343418478736,37.53534309567215
2025-07-06,19,55.74343418478736,37.53534309567215
2025-10-20,19,55.74343418478736,37.53534309567215
2025-05-03,12,55.76021099999999,37.618534
2025-05-03,19,55.76021099999999,37.618534
2025-09-19,19,55.76456099999996,37.610512
2025-09-20,12,55.76456099999996,37.610512
2025-10-29,19,55.76456099999996,37.610512
2025-01-21,19,55.76594399999996,37.612775
2025-10-16,19,55.76594399999996,37.612775
2025-01-02,18,55.75693299999993,37.60150099999999
2025-01-22,19,55.75693299999993,37.60150099999999
2025-02-10,19,55.75693299999993,37.60150099999999
2025-03-22,18,55.75693299999993,37.60150099999999
2025-04-06,18,55.75693299999993,37.60150099999999
2025-04-25,19,55.75693299999993,37.60150099999999
2025-05-12,19,55.75693299999993,37.60150099999999
2025-06-26,19,55.75693299999993,37.60150099999999
2025-09-18,19,55.75693299999993,37.60150099999999
2025-09-20,18,55.75693299999993,37.60150099999999
2025-10-11,18,55.75693299999993,37.60150099999999
2025-02-23,19,55.76776199999998,37.6069
2025-03-08,13,55.76776199999998,37.6069
2025-03-08,19,55.76776199999998,37.6069
2025-03-19,19,55.76776199999998,37.6069
2025-04-13,19,55.76776199999998,37.6069
2025-04-22,19,55.76776199999998,37.6069
2025-06-12,19,55.76776199999998,37.6069
2025-01-05,18,55.75693299999993,37.60150099999999
2025-02-03,19,55.75693299999993,37.60150099999999
2025-03-10,19,55.75693299999993,37.60150099999999
2025-04-03,19,55.75693299999993,37.60150099999999
2025-05-18,18,55.75693299999993,37.60150099999999
2025-05-28,19,55.75693299999993,37.60150099999999
2025-09-15,19,55.75693299999993,37.60150099999999
2025-10-26,18,55.75693299999993,37.60150099999999
2025-02-16,18,55.75693299999995,37.60150099999999
2025-03-16,18,55.75693299999995,37.60150099999999
2025-04-23,19,55.75693299999995,37.60150099999999
2025-08-30,18,55.75693299999995,37.60150099999999
2025-05-03,19,55.76456099999996,37.610512
2025-01-08,11,55.77410999999975,37.61430900000015
2025-01-08,14,55.77410999999975,37.61430900000015
2025-01-25,11,55.77410999999975,37.61430900000015
2025-02-06,12,55.77410999999975,37.61430900000015
2025-02-17,11,55.77410999999975,37.61430900000015
2025-03-15,14,55.77410999999975,37.61430900000015
2025-03-15,17,55.77410999999975,37.61430900000015
2025-03-26,12,55.77410999999975,37.61430900000015
2025-04-06,11,55.77410999999975,37.61430900000015
2025-04-06,14,55.77410999999975,37.61430900000015
2025-04-27,11,55.77410999999975,37.61430900000015
2025-05-10,11,55.77410999999975,37.61430900000015
2025-05-18,11,55.77410999999975,37.61430900000015
2025-06-15,11,55.77410999999975,37.61430900000015
2025-06-28,12,55.77410999999975,37.61430900000015
2025-08-23,15,55.77410999999975,37.61430900000015
2025-09-28,11,55.77410999999975,37.61430900000015
2025-09-28,14,55.77410999999975,37.61430900000015
2025-10-12,11,55.77410999999975,37.61430900000015
2025-10-12,14,55.77410999999975,37.61430900000015
2025-10-19,11,55.77410999999975,37.61430900000015
2025-10-19,14,55.77410999999975,37.61430900000015
2025-01-04,12,55.76622799999998,37.599867
2025-02-22,11,55.76622799999998,37.599867
2025-03-15,12,55.76622799999998,37.599867
2025-04-19,12,55.76622799999998,37.599867
2025-02-20,19,55.76622799999998,37.599867
2025-03-13,19,55.76622799999998,37.599867
2025-04-23,19,55.76622799999998,37.599867
2025-05-15,19,55.76622799999998,37.599867
2025-06-12,19,55.76622799999998,37.599867
2025-01-09,19,55.760397999999995,37.61349400000001
2025-02-28,19,55.760397999999995,37.61349400000001
2025-03-17,19,55.760397999999995,37.61349400000001
2025-04-09,19,55.760397999999995,37.61349400000001
2025-05-23,19,55.760397999999995,37.61349400000001
2025-06-03,19,55.760397999999995,37.61349400000001
2025-01-17,19,55.74287218795934,37.53516979090794
2025-02-02,19,55.74287218795934,37.53516979090794
2025-03-04,19,55.74287218795934,37.53516979090794
2025-03-27,19,55.74287218795934,37.53516979090794
2025-04-10,19,55.74287218795934,37.53516979090794
2025-05-25,19,55.74287218795934,37.53516979090794
2025-06-04,19,55.74287218795934,37.53516979090794
2025-06-19,19,55.74287218795934,37.53516979090794
2025-07-04,19,55.74287218795934,37.53516979090794
2025-09-21,19,55.74287218795934,37.53516979090794
2025-04-06,13,55.69621,37.54451199999998
2025-04-06,17,55.69621,37.54451199999998
2025-06-07,12,55.69621,37.54451199999998
2025-02-01,12,55.69621,37.54451199999998
2025-02-01,16,55.69621,37.54451199999998
2025-04-26,12,55.69621,37.54451199999998
2025-04-26,16,55.69621,37.54451199999998
2025-05-17,12,55.69621,37.54451199999998
2025-05-17,16,55.69621,37.54451199999998
2025-06-28,12,55.69621,37.54451199999998
2025-01-31,19,55.76622799999998,37.599867
2025-02-15,19,55.76622799999998,37.599867
2025-03-23,19,55.76622799999998,37.599867
2025-04-20,19,55.76622799999998,37.599867
